<?xml version="1.0" encoding="UTF-8"?>
<kml xmlns="http://www.opengis.net/kml/2.2" xmlns:gx="http://www.google.com/kml/ext/2.2" xmlns:kml="http://www.opengis.net/kml/2.2" xmlns:atom="http://www.w3.org/2005/Atom">
<Document id="document">
	<name>pl3</name>
	<Schema name="__managed_schema" id="__managed_schema">
		<SimpleField type="string" name="COL5B68BA683920F677">
			<displayName>คำอธิบาย</displayName>
		</SimpleField>
		<SimpleField type="string" name="COL5B68BA68390D2C52">
			<displayName>fid</displayName>
		</SimpleField>
		<SimpleField type="string" name="COL5B68BA6839B4F17C">
			<displayName>begin</displayName>
		</SimpleField>
		<SimpleField type="string" name="COL5B68BA68390DFC7C">
			<displayName>end</displayName>
		</SimpleField>
	</Schema>
	<gx:CascadingStyle kml:id="__managed_style_282E3524743E8B0B18A3">
		<Style>
			<IconStyle>
				<scale>1.2</scale>
				<Icon>
					<href>https://earth.google.com/earth/document/icon?color=1976d2&amp;id=2000&amp;scale=4</href>
				</Icon>
				<hotSpot x="64" y="128" xunits="pixels" yunits="insetPixels"/>
			</IconStyle>
			<LabelStyle>
			</LabelStyle>
			<LineStyle>
				<color>ff4f0e88</color>
				<width>3.7572</width>
			</LineStyle>
			<PolyStyle>
				<color>40ffffff</color>
			</PolyStyle>
			<BalloonStyle>
				<displayMode>hide</displayMode>
			</BalloonStyle>
		</Style>
	</gx:CascadingStyle>
	<gx:CascadingStyle kml:id="__managed_style_17C7677FA53E8B0B18A3">
		<Style>
			<IconStyle>
				<Icon>
					<href>https://earth.google.com/earth/document/icon?color=1976d2&amp;id=2000&amp;scale=4</href>
				</Icon>
				<hotSpot x="64" y="128" xunits="pixels" yunits="insetPixels"/>
			</IconStyle>
			<LabelStyle>
			</LabelStyle>
			<LineStyle>
				<color>ff4f0e88</color>
				<width>2.5048</width>
			</LineStyle>
			<PolyStyle>
				<color>40ffffff</color>
			</PolyStyle>
			<BalloonStyle>
				<displayMode>hide</displayMode>
			</BalloonStyle>
		</Style>
	</gx:CascadingStyle>
	<StyleMap id="__managed_style_0F513059FD3E8B0B18A3">
		<Pair>
			<key>normal</key>
			<styleUrl>#__managed_style_17C7677FA53E8B0B18A3</styleUrl>
		</Pair>
		<Pair>
			<key>highlight</key>
			<styleUrl>#__managed_style_282E3524743E8B0B18A3</styleUrl>
		</Pair>
	</StyleMap>
	<gx:CascadingStyle kml:id="__managed_style_2851D00A343E8B0B18A0">
		<Style>
			<IconStyle>
				<scale>1.2</scale>
				<Icon>
					<href>https://earth.google.com/earth/document/icon?color=1976d2&amp;id=2000&amp;scale=4</href>
				</Icon>
				<hotSpot x="64" y="128" xunits="pixels" yunits="insetPixels"/>
			</IconStyle>
			<LabelStyle>
			</LabelStyle>
			<LineStyle>
				<color>ff2dc0fb</color>
				<width>4.8</width>
			</LineStyle>
			<PolyStyle>
				<color>40ffffff</color>
			</PolyStyle>
			<BalloonStyle>
				<displayMode>hide</displayMode>
			</BalloonStyle>
		</Style>
	</gx:CascadingStyle>
	<gx:CascadingStyle kml:id="__managed_style_14CFA142873E8B0B18A0">
		<Style>
			<IconStyle>
				<Icon>
					<href>https://earth.google.com/earth/document/icon?color=1976d2&amp;id=2000&amp;scale=4</href>
				</Icon>
				<hotSpot x="64" y="128" xunits="pixels" yunits="insetPixels"/>
			</IconStyle>
			<LabelStyle>
			</LabelStyle>
			<LineStyle>
				<color>ff2dc0fb</color>
				<width>3.2</width>
			</LineStyle>
			<PolyStyle>
				<color>40ffffff</color>
			</PolyStyle>
			<BalloonStyle>
				<displayMode>hide</displayMode>
			</BalloonStyle>
		</Style>
	</gx:CascadingStyle>
	<StyleMap id="__managed_style_0202EB87013E8B0B18A0">
		<Pair>
			<key>normal</key>
			<styleUrl>#__managed_style_14CFA142873E8B0B18A0</styleUrl>
		</Pair>
		<Pair>
			<key>highlight</key>
			<styleUrl>#__managed_style_2851D00A343E8B0B18A0</styleUrl>
		</Pair>
	</StyleMap>
	<Folder id="5B68BA62CB000001">
		<name> PIPELINE ROUTE </name>
		<open>1</open>
		<styleUrl>#__managed_style_0202EB87013E8B0B18A0</styleUrl>
		<Folder id="5B68BA62CB00005E">
			<name>pl3_line_2022</name>
			<styleUrl>#__managed_style_0202EB87013E8B0B18A0</styleUrl>
			<Placemark id="5B68BA62CB00005F">
				<name>line</name>
				<description><![CDATA[คำอธิบาย: <br>fid: 1<br>begin: 0<br>end: 8174]]></description>
				<styleUrl>#__managed_style_0F513059FD3E8B0B18A3</styleUrl>
				<ExtendedData>
					<SchemaData schemaUrl="#__managed_schema">
						<SimpleData name="COL5B68BA683920F677"></SimpleData>
						<SimpleData name="COL5B68BA68390D2C52">1</SimpleData>
						<SimpleData name="COL5B68BA6839B4F17C">0</SimpleData>
						<SimpleData name="COL5B68BA68390DFC7C">8174</SimpleData>
					</SchemaData>
				</ExtendedData>
				<LineString>
					<tessellate>1</tessellate>
					<coordinates>
						100.703187,13.925436,0 100.703187,13.925431,0 100.703187,13.925425,0 100.703187,13.925421,0 100.703188,13.925416,0 100.703188,13.925412,0 100.703188,13.925405,0 100.703188,13.925397,0 100.703188,13.925393,0 100.703188,13.925392,0 100.703188,13.925388,0 100.703188,13.925384,0 100.703188,13.925378,0 100.703188,13.925373,0 100.703188,13.925369,0 100.703189,13.925338,0 100.703189,13.925336,0 100.703189,13.925335,0 100.703189,13.925333,0 100.703189,13.925332,0 100.703189,13.92533,0 100.703189,13.925329,0 100.703189,13.92532,0 100.703143,13.925288,0 100.703105,13.925286,0 100.703012,13.925282,0 100.702994,13.925281,0 100.70299,13.925281,0 100.702987,13.925281,0 100.702983,13.925281,0 100.702961,13.92528,0 100.702848,13.925274,0 100.702734,13.925268,0 100.702633,13.925264,0 100.702532,13.925262,0 100.702433,13.925264,0 100.702403,13.925281,0 100.702382,13.9253,0 100.702305,13.925379,0 100.702224,13.925462,0 100.70215,13.925538,0 100.702073,13.925616,0 100.701992,13.925699,0 100.701909,13.925778,0 100.701832,13.925845,0 100.701816,13.925875,0 100.701806,13.925984,0 100.7018,13.926092,0 100.701794,13.926198,0 100.701789,13.926312,0 100.701784,13.926425,0 100.70178,13.926535,0 100.701775,13.926647,0 100.701771,13.926754,0 100.701767,13.926868,0 100.701764,13.926982,0 100.701761,13.927087,0 100.701757,13.927201,0 100.701754,13.927315,0 100.701751,13.927403,0 100.701749,13.927516,0 100.701732,13.927629,0 100.701706,13.927738,0 100.701679,13.927842,0 100.701651,13.927953,0 100.701636,13.928013,0 100.701606,13.928123,0 100.70158,13.928225,0 100.701552,13.928332,0 100.701524,13.928442,0 100.701498,13.92855,0 100.701471,13.928662,0 100.701445,13.928773,0 100.701419,13.928884,0 100.701394,13.928995,0 100.701391,13.929007,0 100.701364,13.929111,0 100.701336,13.929215,0 100.701307,13.929326,0 100.70128,13.929437,0 100.701253,13.929548,0 100.701225,13.929658,0 100.701198,13.92977,0 100.701172,13.929881,0 100.701148,13.929985,0 100.701124,13.930096,0 100.701099,13.930202,0 100.701078,13.930292,0 100.701053,13.930398,0 100.701028,13.930509,0 100.701002,13.930619,0 100.700976,13.930729,0 100.700949,13.930837,0 100.70092,13.930948,0 100.700893,13.931061,0 100.700865,13.931174,0 100.700837,13.931287,0 100.700809,13.9314,0 100.700782,13.931513,0 100.700756,13.931621,0 100.70073,13.931731,0 100.700703,13.931842,0 100.700676,13.931955,0 100.700648,13.932067,0 100.70062,13.93218,0 100.70059,13.932293,0 100.700562,13.932397,0 100.700531,13.932509,0 100.700502,13.932615,0 100.700472,13.932724,0 100.700441,13.932837,0 100.700409,13.932948,0 100.700389,13.933062,0 100.700387,13.933069,0 100.70036,13.933182,0 100.700325,13.93329,0 100.700288,13.933401,0 100.700251,13.933511,0 100.700228,13.933581,0 100.700222,13.933598,0 100.700206,13.933665,0 100.700198,13.933702,0 100.700175,13.933811,0 100.700148,13.933924,0 100.70012,13.934037,0 100.700092,13.934143,0 100.700062,13.934249,0 100.700033,13.934355,0 100.700005,13.934459,0 100.699979,13.934563,0 100.69995,13.934674,0 100.699921,13.934786,0 100.699892,13.934895,0 100.699864,13.935002,0 100.699836,13.935108,0 100.699805,13.93522,0 100.699774,13.935332,0 100.699742,13.935444,0 100.699712,13.935557,0 100.699696,13.935619,0 100.699668,13.935732,0 100.699655,13.935847,0 100.699619,13.935954,0 100.699596,13.936061,0 100.699591,13.936169,0 100.699587,13.936254,0 100.699585,13.936296,0 100.699578,13.936411,0 100.699568,13.936431,0 100.699552,13.936446,0 100.69951,13.936484,0 100.699459,13.936582,0 100.699435,13.936682,0 100.699407,13.936794,0 100.699404,13.936806,0 100.699377,13.936918,0 100.699351,13.937031,0 100.699326,13.937139,0 100.699301,13.937251,0 100.699276,13.937364,0 100.699252,13.937477,0 100.699226,13.93759,0 100.6992,13.937701,0 100.699173,13.937813,0 100.699144,13.937925,0 100.699117,13.938037,0 100.699106,13.938084,0 100.699086,13.938169,0 100.699061,13.938282,0 100.699036,13.938393,0 100.699011,13.938497,0 100.698986,13.938601,0 100.698959,13.938713,0 100.698933,13.938825,0 100.698907,13.938937,0 100.698882,13.939042,0 100.698856,13.939154,0 100.698831,13.939257,0 100.698805,13.93937,0 100.698781,13.939475,0 100.698756,13.939581,0 100.698728,13.939693,0 100.698701,13.939799,0 100.698671,13.939911,0 100.698642,13.940023,0 100.698616,13.940136,0 100.698591,13.940248,0 100.698566,13.940361,0 100.698541,13.94047,0 100.698515,13.94058,0 100.698488,13.940686,0 100.69846,13.940798,0 100.698432,13.94091,0 100.698406,13.941013,0 100.69838,13.941116,0 100.69835,13.941228,0 100.69832,13.941339,0 100.698291,13.941444,0 100.698261,13.941555,0 100.698232,13.941665,0 100.698202,13.941776,0 100.698171,13.941888,0 100.69814,13.941999,0 100.69811,13.942111,0 100.69808,13.942223,0 100.698048,13.942334,0 100.698019,13.942446,0 100.697992,13.942552,0 100.697966,13.942657,0 100.697939,13.942762,0 100.697911,13.942874,0 100.697885,13.942981,0 100.697858,13.943088,0 100.697832,13.943193,0 100.697804,13.943302,0 100.697776,13.943414,0 100.697766,13.943455,0 100.697753,13.943508,0 100.697749,13.943526,0 100.69774,13.943562,0 100.697713,13.943674,0 100.697687,13.94378,0 100.697678,13.943816,0 100.697669,13.943852,0 100.697641,13.943963,0 100.697614,13.944071,0 100.697587,13.944184,0 100.697559,13.944296,0 100.697531,13.944409,0 100.697503,13.944521,0 100.697477,13.944628,0 100.697449,13.94474,0 100.697419,13.944852,0 100.69739,13.944958,0 100.69736,13.94507,0 100.697328,13.94518,0 100.697296,13.945291,0 100.697265,13.945397,0 100.697233,13.945508,0 100.697202,13.945619,0 100.697169,13.945731,0 100.697136,13.945841,0 100.697102,13.945952,0 100.697077,13.946036,0 100.697043,13.946144,0 100.697002,13.946162,0 100.696885,13.946163,0 100.696768,13.94616,0 100.696649,13.946158,0 100.696535,13.946156,0 100.696417,13.946154,0 100.696345,13.946153,0 100.696317,13.946153,0 100.696208,13.946151,0 100.696095,13.946157,0 100.696076,13.946214,0 100.696082,13.94633,0 100.696089,13.946444,0 100.696094,13.946552,0 100.696099,13.94666,0 100.696103,13.946775,0 100.696107,13.946886,0 100.696108,13.94693,0 100.69611,13.946991,0 100.696113,13.947102,0 100.696115,13.94721,0 100.696117,13.94732,0 100.696119,13.947426,0 100.69612,13.947536,0 100.69612,13.947645,0 100.696121,13.947752,0 100.696122,13.947867,0 100.69612,13.947981,0 100.696117,13.948088,0 100.696113,13.948203,0 100.696118,13.948311,0 100.696129,13.948418,0 100.69614,13.948526,0 100.696151,13.948638,0 100.696163,13.948746,0 100.696175,13.94886,0 100.696186,13.948974,0 100.696192,13.949083,0 100.696179,13.949198,0 100.696152,13.94931,0 100.696124,13.949421,0 100.696095,13.949533,0 100.696066,13.949638,0 100.696058,13.949666,0 100.69603,13.94977,0 100.695999,13.949881,0 100.695969,13.949984,0 100.695938,13.950089,0 100.695907,13.9502,0 100.695879,13.950312,0 100.695851,13.950421,0 100.695823,13.950527,0 100.695795,13.950638,0 100.695768,13.950742,0 100.695741,13.950848,0 100.695712,13.950958,0 100.695682,13.951069,0 100.695652,13.951178,0 100.695621,13.951288,0 100.695591,13.951393,0 100.695559,13.951504,0 100.695529,13.951606,0 100.695497,13.951717,0 100.695477,13.951829,0 100.695477,13.951944,0 100.695479,13.951985,0 100.695486,13.9521,0 100.695493,13.952214,0 100.695492,13.952324,0 100.695475,13.952438,0 100.69545,13.95255,0 100.695424,13.952656,0 100.695396,13.952768,0 100.69537,13.95288,0 100.695344,13.952992,0 100.695317,13.953104,0 100.695292,13.953212,0 100.695287,13.953236,0 100.695274,13.953327,0 100.69529,13.953441,0 100.695324,13.953551,0 100.69536,13.953656,0 100.695392,13.95376,0 100.69541,13.953847,0 100.695404,13.953961,0 100.695394,13.953987,0 100.695346,13.954091,0 100.695284,13.954188,0 100.695224,13.954286,0 100.695173,13.954382,0 100.695126,13.954481,0 100.69508,13.954582,0 100.695053,13.954639,0 100.695006,13.954735,0 100.694962,13.954825,0 100.694932,13.954883,0 100.69488,13.954984,0 100.694842,13.955088,0 100.694814,13.9552,0 100.694795,13.95528,0 100.694767,13.955393,0 100.694742,13.9555,0 100.694715,13.955613,0 100.694688,13.955724,0 100.694662,13.955831,0 100.694635,13.955944,0 100.694608,13.956057,0 100.694582,13.956169,0 100.694555,13.956283,0 100.694528,13.956396,0 100.694502,13.956509,0 100.694477,13.956618,0 100.69445,13.95673,0 100.69442,13.956842,0 100.694389,13.956954,0 100.694359,13.957065,0 100.69433,13.957176,0 100.694302,13.957285,0 100.694273,13.957395,0 100.694243,13.957507,0 100.694214,13.957617,0 100.694186,13.957722,0 100.694156,13.957834,0 100.694127,13.957946,0 100.694099,13.958049,0 100.694074,13.958143,0 100.694044,13.958253,0 100.694014,13.958364,0 100.693986,13.95847,0 100.693981,13.958497,0 100.693982,13.958611,0 100.693998,13.958718,0 100.694012,13.958822,0 100.694011,13.958934,0 100.69398,13.959023,0 100.693972,13.95904,0 100.693951,13.959087,0 100.693902,13.959192,0 100.693854,13.959291,0 100.693804,13.959396,0 100.693756,13.959499,0 100.693706,13.959604,0 100.693668,13.959704,0 100.693634,13.959814,0 100.693602,13.959919,0 100.693569,13.96003,0 100.693539,13.960139,0 100.69351,13.960242,0 100.693479,13.960353,0 100.693448,13.960464,0 100.693418,13.960574,0 100.69339,13.960686,0 100.693364,13.960798,0 100.693339,13.960906,0 100.693334,13.960931,0 100.69331,13.961034,0 100.693281,13.961146,0 100.693252,13.961252,0 100.693221,13.961363,0 100.693192,13.961465,0 100.693161,13.961576,0 100.693132,13.961688,0 100.693105,13.961794,0 100.693076,13.961906,0 100.693046,13.962018,0 100.693016,13.96213,0 100.692986,13.96224,0 100.692956,13.962352,0 100.692925,13.962463,0 100.692895,13.962575,0 100.692866,13.962687,0 100.692839,13.962795,0 100.692812,13.962907,0 100.692784,13.96302,0 100.692755,13.96313,0 100.692726,13.963242,0 100.692698,13.963351,0 100.692671,13.963464,0 100.692644,13.963576,0 100.692617,13.963688,0 100.692591,13.963801,0 100.692563,13.963913,0 100.692536,13.964026,0 100.692508,13.964137,0 100.692483,13.964245,0 100.692457,13.964357,0 100.692432,13.96447,0 100.692406,13.964578,0 100.692406,13.96458,0 100.692405,13.964583,0 100.69238,13.964696,0 100.692356,13.964808,0 100.692332,13.964918,0 100.692309,13.965025,0 100.692286,13.96513,0 100.692262,13.965237,0 100.692236,13.96535,0 100.692211,13.965463,0 100.692185,13.965576,0 100.69216,13.965682,0 100.692134,13.965795,0 100.692107,13.965908,0 100.692079,13.96602,0 100.692051,13.966132,0 100.692026,13.966246,0 100.692002,13.966354,0 100.69198,13.966462,0 100.691958,13.966569,0 100.691934,13.966683,0 100.691909,13.966797,0 100.691886,13.966904,0 100.691863,13.967011,0 100.69184,13.967119,0 100.691816,13.967228,0 100.691791,13.967339,0 100.691765,13.967452,0 100.691739,13.967565,0 100.691714,13.967679,0 100.691691,13.967788,0 100.691668,13.967898,0 100.691644,13.968012,0 100.691622,13.968119,0 100.691598,13.968225,0 100.691574,13.968333,0 100.691549,13.968442,0 100.691525,13.968556,0 100.6915,13.968669,0 100.691476,13.968781,0 100.691452,13.968895,0 100.691436,13.968965,0 100.691435,13.968968,0 100.691425,13.969008,0 100.691399,13.969113,0 100.691372,13.96922,0 100.691345,13.969333,0 100.69132,13.96944,0 100.691293,13.969553,0 100.691266,13.969666,0 100.691239,13.969779,0 100.691212,13.969892,0 100.691183,13.970004,0 100.691155,13.97011,0 100.691154,13.970114,0 100.691125,13.970218,0 100.691094,13.970331,0 100.691064,13.970439,0 100.691032,13.970551,0 100.691001,13.970664,0 100.690972,13.97077,0 100.690943,13.970882,0 100.690915,13.970991,0 100.690887,13.971097,0 100.690858,13.971204,0 100.690826,13.971314,0 100.690795,13.971421,0 100.690766,13.971527,0 100.690735,13.971633,0 100.690703,13.971745,0 100.690672,13.971854,0 100.690641,13.971965,0 100.69061,13.972076,0 100.690583,13.97217,0 100.690552,13.972276,0 100.69052,13.972385,0 100.690484,13.972486,0 100.690444,13.972506,0 100.690331,13.972543,0 100.690225,13.972581,0 100.690114,13.972622,0 100.690005,13.972662,0 100.689894,13.972704,0 100.689798,13.97274,0 100.689783,13.972746,0 100.689672,13.972786,0 100.689561,13.972826,0 100.689449,13.972866,0 100.689342,13.972903,0 100.68923,13.972942,0 100.689118,13.97298,0 100.689006,13.973018,0 100.688893,13.973056,0 100.688785,13.973091,0 100.688672,13.973127,0 100.688563,13.973162,0 100.68845,13.973199,0 100.6884,13.973217,0 100.688338,13.973238,0 100.688228,13.973274,0 100.688116,13.973311,0 100.688007,13.97335,0 100.687902,13.973388,0 100.687792,13.973428,0 100.687682,13.973466,0 100.687572,13.973504,0 100.687462,13.973538,0 100.68735,13.973572,0 100.687247,13.973609,0 100.687145,13.973649,0 100.687045,13.973689,0 100.686943,13.973729,0 100.686834,13.973773,0 100.686726,13.973813,0 100.686615,13.973852,0 100.686504,13.97389,0 100.686393,13.973928,0 100.686388,13.973929,0 100.686283,13.973966,0 100.686172,13.974005,0 100.686068,13.974042,0 100.685957,13.974081,0 100.685851,13.974118,0 100.685742,13.974156,0 100.685632,13.974195,0 100.685523,13.974233,0 100.685421,13.974267,0 100.685316,13.974304,0 100.68521,13.97434,0 100.685119,13.974372,0 100.685015,13.974408,0 100.684909,13.974447,0 100.684804,13.974486,0 100.6847,13.974526,0 100.68459,13.974567,0 100.684487,13.974606,0 100.68442,13.974632,0 100.684318,13.974669,0 100.684207,13.97471,0 100.684114,13.974744,0 100.684006,13.974783,0 100.683907,13.974819,0 100.683899,13.974822,0 100.683796,13.97486,0 100.683689,13.9749,0 100.683589,13.974936,0 100.683486,13.974973,0 100.683384,13.97501,0 100.683278,13.975048,0 100.68317,13.975086,0 100.683059,13.975126,0 100.682948,13.975165,0 100.682843,13.975203,0 100.682732,13.975244,0 100.682622,13.975286,0 100.682518,13.975325,0 100.682407,13.975367,0 100.682297,13.975406,0 100.682185,13.975446,0 100.682074,13.975485,0 100.681962,13.975523,0 100.68185,13.975562,0 100.681748,13.975599,0 100.681636,13.975639,0 100.681525,13.975679,0 100.681414,13.975718,0 100.681302,13.975757,0 100.681197,13.975793,0 100.681085,13.975832,0 100.680973,13.97587,0 100.68087,13.975906,0 100.680758,13.975944,0 100.680646,13.975982,0 100.680534,13.976021,0 100.680431,13.976058,0 100.680321,13.976097,0 100.680215,13.976136,0 100.680107,13.976174,0 100.680004,13.97621,0 100.679892,13.976248,0 100.67978,13.976286,0 100.679669,13.976326,0 100.679557,13.976364,0 100.679451,13.976398,0 100.679339,13.976435,0 100.679227,13.976473,0 100.679115,13.97651,0 100.679007,13.976547,0 100.678902,13.976583,0 100.678794,13.97662,0 100.678682,13.976659,0 100.67857,13.976696,0 100.678458,13.976733,0 100.678346,13.97677,0 100.678235,13.976807,0 100.678125,13.976844,0 100.67802,13.976881,0 100.677917,13.976917,0 100.67781,13.976954,0 100.677699,13.976993,0 100.67759,13.977032,0 100.677479,13.977072,0 100.677368,13.977112,0 100.677256,13.977151,0 100.677145,13.977189,0 100.677033,13.977228,0 100.676922,13.977267,0 100.676811,13.977308,0 100.676702,13.977348,0 100.676591,13.97739,0 100.676482,13.977431,0 100.67638,13.97747,0 100.676269,13.977511,0 100.676159,13.977552,0 100.676048,13.977592,0 100.675937,13.977633,0 100.675926,13.977637,0 100.675827,13.977674,0 100.675717,13.977716,0 100.675607,13.977759,0 100.675502,13.9778,0 100.675405,13.977838,0 100.675404,13.977838,0 100.675403,13.977839,0 100.675402,13.977839,0 100.675401,13.977839,0 100.675392,13.977843,0 100.675281,13.977886,0 100.675172,13.977928,0 100.675062,13.977971,0 100.674952,13.978014,0 100.674843,13.978058,0 100.674736,13.978101,0 100.674626,13.978143,0 100.674516,13.978185,0 100.674407,13.978226,0 100.674296,13.978266,0 100.674185,13.978306,0 100.674079,13.978345,0 100.673974,13.978384,0 100.673862,13.978424,0 100.673757,13.978462,0 100.673647,13.978503,0 100.673557,13.978538,0 100.673452,13.97858,0 100.673434,13.978611,0 100.673392,13.978714,0 100.673349,13.978821,0 100.67331,13.978923,0 100.673268,13.979031,0 100.673226,13.979138,0 100.673183,13.979246,0 100.673139,13.979353,0 100.673138,13.979355,0 100.673096,13.979455,0 100.673052,13.979557,0 100.673007,13.97966,0 100.672961,13.979766,0 100.672913,13.979871,0 100.672866,13.979972,0 100.672822,13.980079,0 100.672778,13.980187,0 100.672734,13.980294,0 100.67269,13.980401,0 100.672649,13.980499,0 100.672605,13.980606,0 100.672563,13.980708,0 100.672518,13.980815,0 100.672475,13.980917,0 100.672429,13.981022,0 100.672383,13.981127,0 100.672338,13.981234,0 100.672333,13.981244,0 100.672293,13.98134,0 100.672249,13.981447,0 100.672206,13.981548,0 100.672162,13.981649,0 100.672119,13.98175,0 100.672073,13.981857,0 100.672027,13.981964,0 100.671982,13.98207,0 100.671939,13.982173,0 100.671931,13.982192,0 100.671893,13.982284,0 100.671848,13.982391,0 100.671807,13.982492,0 100.671762,13.982599,0 100.671717,13.982706,0 100.671672,13.982814,0 100.671628,13.982921,0 100.671583,13.983028,0 100.67154,13.983132,0 100.671496,13.983239,0 100.671453,13.983341,0 100.671408,13.983448,0 100.671368,13.983546,0 100.671326,13.983645,0 100.671282,13.983752,0 100.671239,13.983858,0 100.671195,13.983966,0 100.671152,13.984072,0 100.671109,13.98418,0 100.671068,13.984281,0 100.671024,13.984388,0 100.67098,13.984495,0 100.670936,13.9846,0 100.670893,13.984704,0 100.670849,13.984808,0 100.670807,13.98491,0 100.670765,13.985012,0 100.670721,13.985119,0 100.670677,13.985225,0 100.670632,13.985332,0 100.670588,13.985438,0 100.670544,13.985546,0 100.6705,13.985652,0 100.670456,13.985759,0 100.670413,13.985861,0 100.67037,13.985964,0 100.670323,13.98607,0 100.670279,13.986171,0 100.670235,13.986269,0 100.670191,13.986371,0 100.670146,13.986476,0 100.6701,13.986583,0 100.670057,13.986683,0 100.670014,13.986786,0 100.669969,13.986892,0 100.669965,13.986902,0 100.669924,13.986999,0 100.669878,13.987106,0 100.669834,13.987214,0 100.669789,13.987322,0 100.669743,13.98743,0 100.669698,13.987537,0 100.669654,13.98764,0 100.669611,13.987743,0 100.669566,13.987851,0 100.669522,13.987955,0 100.669477,13.988062,0 100.669433,13.98817,0 100.669388,13.988278,0 100.669344,13.988381,0 100.669299,13.988488,0 100.66926,13.98858,0 100.669215,13.988688,0 100.669168,13.988795,0 100.669123,13.988902,0 100.669077,13.989009,0 100.669033,13.989111,0 100.66899,13.989214,0 100.668945,13.989322,0 100.668901,13.98943,0 100.668856,13.989538,0 100.668812,13.989646,0 100.66877,13.989755,0 100.66873,13.989865,0 100.668703,13.989939,0 100.66866,13.990042,0 100.668612,13.990144,0 100.668568,13.990243,0 100.668527,13.990346,0 100.668483,13.990452,0 100.66844,13.990556,0 100.668398,13.990659,0 100.668354,13.990766,0 100.668314,13.990864,0 100.668271,13.990966,0 100.668228,13.991068,0 100.668186,13.991167,0 100.668143,13.99127,0 100.6681,13.99137,0 100.668057,13.991471,0 100.668016,13.99157,0 100.667974,13.99167,0 100.66793,13.991777,0 100.667888,13.99188,0 100.667846,13.991978,0 100.667802,13.992083,0 100.667758,13.992189,0 100.667715,13.992294,0 100.667672,13.992397,0 100.66763,13.992498,0 100.667588,13.992599,0 100.667544,13.992706,0 100.6675,13.992812,0 100.667456,13.99292,0 100.667412,13.993026,0 100.667368,13.993128,0 100.667322,13.993234,0 100.667277,13.993336,0 100.66723,13.993441,0 100.667185,13.993544,0 100.667138,13.99365,0 100.667094,13.99375,0 100.667048,13.993854,0 100.667002,13.99396,0 100.66696,13.99406,0 100.666916,13.994165,0 100.666872,13.994272,0 100.666831,13.994373,0 100.66679,13.994474,0 100.66675,13.994576,0 100.666709,13.994677,0 100.666665,13.994784,0 100.666621,13.994891,0 100.666577,13.994999,0 100.666536,13.9951,0 100.666494,13.995201,0 100.666453,13.995301,0 100.666409,13.995408,0 100.666366,13.995515,0 100.666323,13.995622,0 100.66628,13.99573,0 100.666238,13.995837,0 100.666196,13.995944,0 100.666153,13.996052,0 100.66611,13.99616,0 100.666071,13.996268,0 100.666048,13.996326,0 100.666006,13.996424,0 100.665961,13.996531,0 100.665916,13.996638,0 100.665875,13.996736,0 100.665834,13.996834,0 100.665789,13.996941,0 100.665743,13.997047,0 100.665697,13.997152,0 100.665651,13.997259,0 100.665607,13.99736,0 100.665561,13.997466,0 100.665515,13.997572,0 100.665469,13.997677,0 100.665427,13.997775,0 100.665383,13.997877,0 100.665339,13.997978,0 100.665295,13.998081,0 100.665251,13.998187,0 100.665208,13.998289,0 100.665164,13.998389,0 100.665118,13.998494,0 100.665071,13.998599,0 100.665028,13.998698,0 100.664981,13.998804,0 100.664936,13.998907,0 100.664891,13.999012,0 100.664845,13.999118,0 100.664801,13.999222,0 100.664756,13.999328,0 100.664712,13.999432,0 100.664666,13.999538,0 100.664637,13.999606,0 100.664619,13.999651,0 100.664578,13.999754,0 100.664566,13.999783,0 100.664526,13.999884,0 100.664486,13.999987,0 100.664483,13.999992,0 100.664446,14.000088,0 100.664405,14.000195,0 100.664363,14.000303,0 100.664321,14.000409,0 100.66428,14.000509,0 100.66424,14.000609,0 100.664199,14.000709,0 100.664158,14.000809,0 100.664118,14.000909,0 100.664075,14.001017,0 100.664034,14.001124,0 100.663991,14.001231,0 100.663948,14.001338,0 100.663908,14.001437,0 100.663865,14.001537,0 100.663822,14.001636,0 100.663776,14.001742,0 100.663735,14.001842,0 100.663695,14.001943,0 100.663656,14.002044,0 100.663613,14.00215,0 100.663571,14.002256,0 100.663528,14.002362,0 100.663487,14.002467,0 100.66348,14.002488,0 100.66344,14.002596,0 100.663422,14.002642,0 100.663379,14.002749,0 100.663339,14.002852,0 100.663278,14.002951,0 100.663208,14.003043,0 100.663142,14.003133,0 100.663073,14.003227,0 100.663008,14.003317,0 100.66294,14.003412,0 100.662871,14.003505,0 100.662804,14.003596,0 100.662736,14.003691,0 100.662669,14.003784,0 100.662606,14.003872,0 100.662537,14.003966,0 100.662473,14.004055,0 100.662404,14.004149,0 100.662338,14.004238,0 100.662274,14.004324,0 100.662207,14.004415,0 100.66214,14.004506,0 100.662072,14.004601,0 100.662007,14.004692,0 100.661941,14.004785,0 100.661878,14.004872,0 100.661811,14.004965,0 100.661741,14.005059,0 100.661672,14.005152,0 100.661602,14.005246,0 100.661534,14.005336,0 100.661465,14.005428,0 100.661398,14.005516,0 100.661328,14.00561,0 100.661262,14.005698,0 100.661194,14.005789,0 100.661127,14.005878,0 100.66106,14.005967,0 100.660993,14.006056,0 100.660923,14.00615,0 100.660856,14.006239,0 100.66079,14.006326,0 100.660721,14.006415,0 100.660656,14.0065,0 100.660588,14.00659,0 100.660521,14.006677,0 100.660453,14.006765,0 100.660453,14.006766,0 100.660452,14.006766,0 100.660452,14.006767,0 100.660451,14.006767,0 100.660384,14.006853,0 100.660313,14.006944,0 100.660242,14.007034,0 100.660171,14.007126,0 100.660101,14.007219,0 100.660031,14.007312,0 100.659965,14.007397,0 100.659894,14.00749,0 100.659824,14.007582,0 100.659753,14.007674,0 100.659682,14.007767,0 100.659612,14.00786,0 100.659541,14.007953,0 100.659524,14.007975,0 100.659474,14.008042,0 100.659404,14.008135,0 100.659334,14.008228,0 100.659264,14.008322,0 100.659197,14.00841,0 100.659127,14.008501,0 100.659056,14.008592,0 100.658985,14.008684,0 100.658915,14.008778,0 100.658845,14.008871,0 100.658773,14.008963,0 100.658702,14.009055,0 100.658633,14.009145,0 100.658565,14.009233,0 100.658498,14.009321,0 100.658432,14.009407,0 100.658359,14.009498,0 100.658285,14.009588,0 100.658212,14.00968,0 100.658141,14.009772,0 100.65807,14.009865,0 100.658038,14.009906,0 100.658021,14.009929,0 100.65795,14.010021,0 100.657879,14.010114,0 100.657809,14.010206,0 100.657736,14.010297,0 100.657662,14.010388,0 100.657637,14.010421,0 100.657632,14.010428,0 100.657566,14.010517,0 100.657501,14.010607,0 100.657436,14.010698,0 100.657366,14.010794,0 100.657327,14.01081,0 100.657282,14.010809,0 100.657171,14.010802,0 100.657056,14.010795,0 100.656937,14.010789,0 100.656818,14.01078,0 100.656708,14.010773,0 100.656589,14.010765,0 100.65647,14.010757,0 100.656358,14.010748,0 100.656245,14.010739,0 100.656131,14.01073,0 100.656019,14.01072,0 100.6559,14.01071,0 100.655782,14.0107,0 100.655668,14.010692,0 100.655549,14.010684,0 100.65543,14.010676,0 100.655319,14.010669,0 100.6552,14.010661,0 100.655082,14.010653,0 100.654963,14.010645,0 100.654844,14.010636,0 100.654726,14.010627,0 100.654614,14.01062,0 100.654496,14.010611,0 100.654376,14.010603,0 100.654258,14.010595,0 100.654139,14.010587,0 100.65402,14.01058,0 100.653902,14.010572,0 100.653783,14.010564,0 100.653664,14.010555,0 100.65355,14.010548,0 100.653501,14.010544,0 100.653391,14.01054,0 100.653278,14.010532,0 100.653167,14.010525,0 100.653056,14.010507,0 100.65295,14.010498,0 100.652888,14.010496,0 100.652869,14.010496,0 100.652754,14.01049,0 100.652637,14.010484,0 100.652527,14.010479,0 100.652412,14.010472,0 100.652294,14.010465,0 100.652175,14.010457,0 100.652056,14.010448,0 100.651945,14.010439,0 100.651832,14.010431,0 100.651714,14.010422,0 100.651602,14.010413,0 100.651485,14.010405,0 100.651371,14.010397,0 100.651252,14.01039,0 100.651133,14.010382,0 100.651014,14.010375,0 100.650896,14.010366,0 100.650777,14.010358,0 100.650662,14.010349,0 100.650544,14.010339,0 100.650429,14.010329,0 100.650314,14.010319,0 100.650196,14.010308,0 100.650077,14.010298,0 100.649962,14.010288,0 100.649846,14.01028,0 100.649728,14.010271,0 100.649609,14.010263,0 100.649491,14.010256,0 100.649374,14.010247,0 100.649255,14.010239,0 100.649137,14.010231,0 100.649023,14.010223,0 100.648905,14.010214,0 100.648788,14.010206,0 100.648669,14.010197,0 100.648551,14.010188,0 100.648438,14.010181,0 100.64832,14.010173,0 100.648204,14.010164,0 100.648091,14.010156,0 100.647972,14.010147,0 100.647854,14.010138,0 100.647735,14.01013,0 100.647625,14.010123,0 100.647516,14.010116,0 100.647402,14.010108,0 100.647283,14.010099,0 100.64717,14.01009,0 100.647061,14.010083,0 100.646942,14.010074,0 100.646824,14.010066,0 100.646705,14.010057,0 100.646596,14.010049,0 100.646477,14.01004,0 100.646359,14.010031,0 100.64624,14.010022,0 100.646122,14.010014,0 100.646003,14.010006,0 100.645884,14.009998,0 100.645766,14.00999,0 100.645647,14.009982,0 100.645538,14.009976,0 100.645433,14.009969,0 100.645425,14.009968,0 100.645306,14.00996,0 100.645187,14.009954,0 100.645068,14.009947,0 100.64495,14.009942,0 100.644831,14.009938,0 100.644721,14.009933,0 100.644602,14.009927,0 100.644484,14.009921,0 100.644366,14.009914,0 100.644247,14.009907,0 100.644129,14.009899,0 100.644014,14.009891,0 100.6439,14.009883,0 100.643781,14.009874,0 100.643663,14.009866,0 100.643544,14.009859,0 100.643434,14.009852,0 100.643316,14.009844,0 100.643199,14.009836,0 100.643089,14.009829,0 100.64298,14.009822,0 100.642871,14.009816,0 100.642796,14.009811,0 100.6427,14.009796,0 100.642681,14.009792,0 100.642563,14.009778,0 100.642448,14.009772,0 100.642333,14.009769,0 100.642214,14.009765,0 100.642113,14.009759,0 100.641994,14.009754,0 100.641895,14.009748,0 100.641786,14.009741,0 100.641743,14.009739,0 100.641634,14.009732,0 100.641516,14.009723,0 100.641485,14.009721,0 100.641367,14.009711,0 100.641251,14.009703,0 100.641133,14.009695,0 100.641024,14.009688,0 100.640905,14.00968,0 100.640787,14.009672,0 100.640669,14.009663,0 100.64055,14.009655,0 100.640439,14.009647,0 100.640321,14.009639,0 100.640202,14.009631,0 100.640092,14.009623,0 100.639973,14.009615,0 100.639855,14.009608,0 100.639744,14.009602,0 100.639635,14.009595,0 100.639517,14.009589,0 100.639407,14.009582,0 100.639294,14.009574,0 100.639184,14.009565,0 100.639076,14.009556,0 100.638958,14.009546,0 100.63884,14.009536,0 100.638722,14.009525,0 100.638604,14.009515,0 100.638486,14.009505,0 100.638376,14.009496,0 100.638257,14.009487,0 100.638238,14.009485,0 100.638195,14.009482,0 100.638086,14.009475,0 100.637977,14.009469,0 100.637868,14.009462,0 100.637759,14.009456,0 100.63764,14.009448,0 100.637531,14.009441,0 100.637413,14.009433,0 100.637295,14.009426,0 100.637186,14.009419,0 100.637076,14.009412,0 100.636964,14.009404,0 100.636852,14.009394,0 100.636735,14.009381,0 100.636626,14.009366,0 100.636515,14.009349,0 100.636413,14.009333,0 100.636407,14.009332,0 100.63629,14.009312,0 100.636179,14.009293,0 100.636064,14.009273,0 100.635949,14.009254,0 100.635832,14.009235,0 100.635717,14.009218,0 100.635605,14.0092,0 100.635544,14.009189,0 100.635542,14.009189,0 100.635541,14.009189,0 100.635488,14.009179,0 100.635375,14.009159,0 100.635263,14.009139,0 100.635152,14.009121,0 100.635036,14.009103,0 100.634919,14.009086,0 100.634802,14.009068,0 100.634689,14.009051,0 100.634576,14.009035,0 100.634464,14.009018,0 100.634352,14.009001,0 100.634236,14.008983,0 100.634126,14.008966,0 100.634015,14.008949,0 100.633907,14.008932,0 100.633799,14.008914,0 100.633687,14.008896,0 100.633579,14.008879,0 100.633462,14.008861,0 100.633352,14.008844,0 100.633242,14.008828,0 100.633132,14.008811,0 100.633025,14.008795,0 100.632916,14.008778,0 100.632798,14.008762,0 100.632681,14.008745,0 100.632572,14.008729,0 100.632465,14.008713,0 100.632354,14.008695,0 100.632246,14.008678,0 100.63213,14.008661,0 100.632034,14.008647,0 100.63202,14.008645,0 100.631904,14.008626,0 100.631788,14.008605,0 100.631774,14.008603,0 100.631705,14.00859,0 100.63159,14.008572,0 100.631483,14.008555,0 100.631376,14.008539,0 100.631268,14.008524,0 100.631161,14.008508,0 100.631053,14.008493,0 100.630936,14.008477,0 100.630829,14.008462,0 100.630721,14.008448,0 100.630604,14.008432,0 100.630488,14.008417,0 100.63037,14.008401,0 100.630263,14.008387,0 100.630146,14.008371,0 100.630029,14.008355,0 100.629912,14.008339,0 100.629795,14.008323,0 100.629678,14.008307,0 100.629561,14.00829,0 100.629445,14.008273,0 100.629329,14.008253,0 100.629278,14.008244,0 100.629212,14.008234,0 100.629121,14.008222,0 100.629005,14.008205,0 100.628942,14.008196,0 100.628857,14.008183,0 100.62874,14.008166,0 100.628629,14.008152,0 100.628512,14.008138,0 100.628404,14.008123,0 100.628288,14.008106,0 100.628172,14.008088,0 100.628056,14.008071,0 100.62794,14.008053,0 100.627832,14.008037,0 100.627717,14.00802,0 100.627602,14.008004,0 100.627493,14.00799,0 100.627382,14.007974,0 100.627274,14.00796,0 100.627163,14.007944,0 100.627054,14.007929,0 100.62694,14.007913,0 100.626832,14.007897,0 100.626716,14.00788,0 100.626606,14.007864,0 100.626496,14.007848,0 100.626386,14.007832,0 100.626277,14.007816,0 100.626167,14.0078,0 100.626056,14.007784,0 100.625946,14.007768,0 100.625836,14.007752,0 100.625725,14.007737,0 100.625616,14.007723,0 100.625504,14.007709,0 100.625395,14.007695,0 100.625285,14.007681,0 100.625169,14.007666,0 100.625054,14.00765,0 100.624938,14.007634,0 100.624821,14.007618,0 100.624704,14.007602,0 100.62459,14.007586,0 100.624475,14.00757,0 100.624358,14.007553,0 100.624242,14.007536,0 100.624133,14.00752,0 100.624024,14.007504,0 100.623908,14.007487,0 100.6238,14.007471,0 100.623688,14.007454,0 100.623573,14.007436,0 100.623459,14.007417,0 100.623346,14.007398,0 100.623231,14.007379,0 100.623124,14.007361,0 100.623009,14.007342,0 100.622893,14.007324,0 100.622777,14.007305,0 100.622661,14.007285,0 100.622547,14.007266,0 100.622439,14.007248,0 100.622326,14.007229,0 100.622215,14.00721,0 100.622098,14.007191,0 100.621986,14.007172,0 100.621875,14.007153,0 100.621768,14.007135,0 100.621657,14.007117,0 100.62155,14.007099,0 100.621433,14.007081,0 100.621325,14.007064,0 100.621208,14.007046,0 100.621101,14.007029,0 100.620985,14.007011,0 100.620875,14.006993,0 100.620763,14.006975,0 100.620646,14.006957,0 100.620537,14.006939,0 100.620427,14.00692,0 100.620316,14.006902,0 100.6202,14.006884,0 100.620085,14.006866,0 100.619968,14.006848,0 100.619852,14.00683,0 100.619736,14.006811,0 100.619628,14.006794,0 100.619519,14.006777,0 100.619412,14.00676,0 100.619301,14.006742,0 100.619185,14.006722,0 100.619169,14.00672,0 100.619091,14.00671,0 100.61903,14.006702,0 100.61892,14.006688,0 100.61881,14.006673,0 100.618699,14.006659,0 100.618588,14.006645,0 100.618587,14.006645,0 100.618476,14.006632,0 100.618364,14.006616,0 100.618264,14.0066,0 100.618155,14.006583,0 100.618043,14.006566,0 100.617931,14.006548,0 100.617822,14.006531,0 100.61771,14.006514,0 100.617594,14.006496,0 100.617477,14.006478,0 100.617366,14.006461,0 100.617249,14.006442,0 100.617141,14.006424,0 100.617024,14.006405,0 100.616916,14.006387,0 100.6168,14.006368,0 100.616684,14.006348,0 100.616577,14.006329,0 100.61647,14.00631,0 100.616358,14.006292,0 100.616243,14.006272,0 100.616133,14.006254,0 100.616018,14.006234,0 100.615902,14.006213,0 100.615786,14.006192,0 100.615671,14.006171,0 100.615557,14.00615,0 100.615447,14.00613,0 100.615336,14.006111,0 100.615225,14.006091,0 100.615115,14.006073,0 100.615006,14.006056,0 100.61489,14.006038,0 100.614773,14.006018,0 100.614657,14.005997,0 100.614541,14.005976,0 100.614431,14.005955,0 100.614321,14.005935,0 100.614214,14.005916,0 100.614105,14.005897,0 100.61399,14.005878,0 100.613882,14.005862,0 100.613768,14.005845,0 100.613652,14.005827,0 100.613544,14.00581,0 100.613437,14.005794,0 100.61333,14.005777,0 100.613213,14.005759,0 100.613105,14.005743,0 100.612997,14.005726,0 100.612888,14.005709,0 100.612771,14.005691,0 100.612664,14.005675,0 100.612558,14.005659,0 100.612441,14.005641,0 100.612324,14.005624,0 100.612208,14.005606,0 100.612091,14.005589,0 100.611984,14.005573,0 100.611867,14.005555,0 100.61175,14.005537,0 100.611633,14.005519,0 100.611516,14.005501,0 100.611408,14.005484,0 100.611291,14.005465,0 100.611174,14.005446,0 100.611058,14.005427,0 100.610941,14.005408,0 100.610834,14.00539,0 100.610727,14.005372,0 100.61061,14.005353,0 100.610494,14.005333,0 100.610386,14.005315,0 100.610272,14.005296,0 100.610155,14.005278,0 100.610038,14.005261,0 100.609921,14.005243,0 100.609804,14.005225,0 100.609688,14.005207,0 100.60958,14.005191,0 100.609463,14.005173,0 100.609356,14.005156,0 100.609239,14.005137,0 100.609125,14.005118,0 100.609017,14.0051,0 100.60891,14.005083,0 100.608793,14.005064,0 100.608676,14.005046,0 100.608559,14.005027,0 100.608442,14.005009,0 100.608325,14.004992,0 100.608208,14.004975,0 100.608091,14.004958,0 100.607984,14.004942,0 100.607866,14.004925,0 100.60775,14.004907,0 100.607633,14.00489,0 100.607516,14.004872,0 100.607399,14.004854,0 100.607292,14.004837,0 100.607175,14.004818,0 100.607058,14.004799,0 100.606951,14.004781,0 100.606834,14.004762,0 100.606727,14.004744,0 100.60661,14.004726,0 100.606494,14.004707,0 100.606378,14.004688,0 100.606261,14.004669,0 100.606145,14.004651,0 100.606029,14.004633,0 100.605921,14.004618,0 100.605807,14.0046,0 100.6057,14.004582,0 100.605626,14.00457,0 100.605514,14.004557,0 100.605396,14.004544,0 100.60528,14.004525,0 100.605164,14.004504,0 100.605049,14.004486,0 100.604941,14.004473,0 100.604843,14.004461,0 100.604734,14.004464,0 100.60462,14.00446,0 100.604603,14.004458,0 100.604563,14.004454,0 100.604562,14.004454,0 100.604558,14.004453,0 100.604553,14.004453,0 100.604547,14.004452,0 100.604544,14.004452,0 100.604542,14.004452,0 100.604493,14.004447,0 100.604386,14.004418,0 100.604272,14.004386,0 100.604158,14.004364,0 100.604121,14.004357,0 100.604012,14.004341,0 100.603894,14.004325,0 100.603782,14.00431,0 100.603672,14.004295,0 100.603561,14.004278,0 100.603451,14.004261,0 100.603342,14.004244,0 100.603223,14.004226,0 100.603108,14.004208,0 100.602997,14.00419,0 100.602881,14.004173,0 100.60277,14.004156,0 100.602652,14.004137,0 100.602541,14.004119,0 100.602423,14.0041,0 100.602305,14.004081,0 100.602191,14.004064,0 100.602078,14.004048,0 100.601966,14.004031,0 100.60185,14.004012,0 100.601734,14.003993,0 100.601623,14.003974,0 100.601514,14.003955,0 100.6014,14.003936,0 100.601288,14.003917,0 100.601171,14.003898,0 100.601059,14.003878,0 100.600942,14.003858,0 100.600831,14.003838,0 100.60072,14.003819,0 100.600602,14.003799,0 100.600484,14.003779,0 100.600365,14.00376,0 100.600253,14.003743,0 100.600154,14.003752,0 100.600128,14.003827,0 100.600119,14.00389,0 100.600103,14.003996,0 100.600132,14.004092,0 100.600126,14.004138,0 100.60012,14.004183,0 100.600106,14.004299,0 100.600091,14.004414,0 100.600039,14.004514,0 100.600034,14.004526,0 100.600028,14.004572,0 100.600022,14.004617,0 100.600021,14.004632,0 100.600006,14.004748,0 100.599993,14.004865,0 100.599979,14.004981,0 100.599966,14.005097,0 100.599953,14.005214,0 100.59994,14.005328,0 100.599926,14.005444,0 100.599912,14.00556,0 100.599898,14.005676,0 100.599885,14.005793,0 100.599872,14.005909,0 100.59986,14.006026,0 100.599846,14.006142,0 100.599832,14.006256,0 100.599816,14.006372,0 100.599801,14.006488,0 100.599786,14.006604,0 100.599772,14.00672,0 100.599758,14.00683,0 100.599743,14.006946,0 100.599729,14.007062,0 100.599716,14.007178,0 100.599706,14.00729,0 100.599706,14.007291,0 100.599694,14.007403,0 100.599682,14.007516,0 100.599671,14.007622,0 100.599659,14.007736,0 100.599647,14.007848,0 100.599635,14.007961,0 100.599623,14.008073,0 100.599611,14.008186,0 100.599599,14.0083,0 100.599586,14.008413,0 100.599573,14.008526,0 100.599561,14.00864,0 100.599551,14.008752,0 100.599541,14.008863,0 100.59953,14.008974,0 100.599516,14.009087,0 100.599502,14.009197,0 100.599487,14.009308,0 100.599472,14.009421,0 100.599457,14.009534,0 100.599443,14.009647,0 100.59943,14.00976,0 100.599418,14.00987,0 100.599407,14.009982,0 100.599396,14.010093,0 100.599384,14.010205,0 100.599372,14.010317,0 100.599358,14.01043,0 100.599344,14.010536,0 100.59933,14.010642,0 100.599317,14.010755,0 100.599304,14.010867,0 100.59929,14.01098,0 100.599278,14.011091,0 100.599266,14.011202,0 100.599254,14.011315,0 100.599243,14.011428,0 100.59923,14.011541,0 100.599217,14.011654,0 100.599203,14.011767,0 100.59919,14.011879,0 100.599177,14.011991,0 100.599177,14.011996,0 100.599165,14.012104,0 100.599152,14.012216,0 100.59914,14.012329,0 100.599127,14.01244,0 100.599113,14.012553,0 100.599105,14.01262,0 100.5991,14.012666,0 100.599086,14.01278,0 100.599074,14.01289,0 100.599061,14.013004,0 100.599048,14.013115,0 100.599036,14.013228,0 100.599022,14.013342,0 100.599008,14.013455,0 100.598994,14.013568,0 100.598981,14.013681,0 100.598969,14.013787,0 100.598958,14.0139,0 100.598946,14.014013,0 100.598934,14.014126,0 100.59892,14.014238,0 100.598906,14.01435,0 100.598893,14.014462,0 100.598879,14.014575,0 100.598865,14.014688,0 100.598852,14.014793,0 100.598839,14.014897,0 100.598826,14.015002,0 100.598812,14.015107,0 100.598798,14.015211,0 100.598783,14.015324,0 100.598769,14.015437,0 100.598755,14.015551,0 100.59874,14.015664,0 100.598726,14.015777,0 100.598726,14.015778,0 100.598712,14.015891,0 100.598698,14.015995,0 100.598685,14.016099,0 100.59867,14.016212,0 100.598656,14.016316,0 100.598642,14.01642,0 100.598626,14.016533,0 100.598612,14.016639,0 100.598597,14.016745,0 100.598582,14.016858,0 100.598568,14.016972,0 100.598553,14.017084,0 100.598538,14.017189,0 100.598523,14.017302,0 100.598507,14.017415,0 100.598493,14.017521,0 100.598477,14.017634,0 100.598463,14.017738,0 100.598448,14.017851,0 100.598434,14.017963,0 100.598421,14.018076,0 100.598406,14.018189,0 100.598392,14.018298,0 100.59839,14.018311,0 100.598376,14.018424,0 100.598362,14.018538,0 100.598345,14.01865,0 100.598328,14.018762,0 100.598313,14.018876,0 100.598295,14.018988,0 100.598278,14.019092,0 100.598264,14.019197,0 100.59825,14.019303,0 100.598236,14.019416,0 100.598221,14.019529,0 100.598208,14.019633,0 100.598194,14.019746,0 100.598179,14.01986,0 100.598166,14.019964,0 100.598152,14.020068,0 100.598137,14.020174,0 100.598122,14.020287,0 100.598106,14.0204,0 100.598092,14.020513,0 100.598079,14.020618,0 100.598067,14.020724,0 100.598052,14.020837,0 100.598035,14.02095,0 100.598019,14.021063,0 100.598002,14.021176,0 100.597985,14.021284,0 100.597967,14.021396,0 100.597948,14.021509,0 100.597931,14.021614,0 100.597915,14.021727,0 100.597901,14.02184,0 100.597888,14.021953,0 100.597876,14.022067,0 100.597864,14.022179,0 100.597852,14.022293,0 100.597837,14.022406,0 100.597821,14.022519,0 100.597805,14.022632,0 100.597789,14.022745,0 100.597774,14.022858,0 100.597757,14.022972,0 100.597741,14.023077,0 100.597724,14.023192,0 100.597709,14.023307,0 100.597695,14.023422,0 100.597682,14.023536,0 100.597668,14.02365,0 100.597653,14.023765,0 100.597638,14.02388,0 100.597623,14.023995,0 100.597609,14.0241,0 100.597594,14.024206,0 100.59758,14.024312,0 100.597565,14.024426,0 100.59755,14.024541,0 100.597535,14.024656,0 100.597521,14.024771,0 100.597508,14.024877,0 100.597494,14.024991,0 100.597482,14.025098,0 100.597467,14.025205,0 100.597451,14.025314,0 100.597434,14.025427,0 100.597418,14.025541,0 100.597402,14.025653,0 100.597388,14.025764,0 100.597373,14.025877,0 100.597358,14.025988,0 100.597342,14.026102,0 100.597326,14.026213,0 100.59731,14.026327,0 100.597293,14.026442,0 100.597276,14.026556,0 100.597261,14.026671,0 100.597249,14.026783,0 100.597236,14.026894,0 100.597224,14.027002,0 100.59721,14.027117,0 100.597196,14.027232,0 100.597183,14.027346,0 100.59717,14.027461,0 100.597157,14.027576,0 100.597156,14.027584,0 100.597143,14.027686,0 100.59713,14.027792,0 100.597116,14.027907,0 100.597103,14.028022,0 100.597091,14.028127,0 100.597078,14.028233,0 100.597062,14.028348,0 100.597047,14.028462,0 100.597032,14.028576,0 100.597017,14.028682,0 100.597001,14.028796,0 100.596984,14.028901,0 100.596965,14.029015,0 100.596944,14.02912,0 100.596922,14.029224,0 100.596897,14.029337,0 100.596872,14.029445,0 100.596848,14.02955,0 100.596824,14.029662,0 100.5968,14.029774,0 100.596776,14.029886,0 100.596753,14.02999,0 100.596733,14.030082,0 100.596709,14.030187,0 100.596685,14.030295,0 100.596661,14.030406,0 100.596636,14.030519,0 100.596614,14.030626,0 100.596594,14.030731,0 100.596573,14.030844,0 100.596552,14.030958,0 100.59653,14.031072,0 100.59651,14.031177,0 100.596489,14.03129,0 100.596467,14.031404,0 100.596445,14.031516,0 100.596425,14.03162,0 100.596404,14.031725,0 100.596381,14.031836,0 100.596358,14.031949,0 100.596334,14.032063,0 100.596312,14.032167,0 100.59629,14.03228,0 100.59627,14.032384,0 100.596249,14.032489,0 100.596228,14.032594,0 100.596208,14.032698,0 100.596185,14.032812,0 100.596163,14.032916,0 100.596139,14.033029,0 100.596137,14.033041,0 100.596117,14.033135,0 100.596094,14.033248,0 100.59607,14.033361,0 100.596047,14.033473,0 100.596023,14.033587,0 100.596002,14.033691,0 100.595979,14.033805,0 100.595956,14.033918,0 100.595932,14.034032,0 100.59591,14.034144,0 100.595887,14.034258,0 100.595864,14.034369,0 100.595841,14.034482,0 100.595817,14.034595,0 100.595792,14.034708,0 100.595769,14.034821,0 100.595746,14.034934,0 100.595724,14.035048,0 100.5957,14.035162,0 100.595677,14.035275,0 100.595653,14.035388,0 100.59563,14.035502,0 100.595606,14.035615,0 100.595582,14.035729,0 100.59556,14.035833,0 100.595537,14.035947,0 100.595515,14.036061,0 100.595494,14.036165,0 100.595472,14.036279,0 100.595449,14.036393,0 100.595427,14.036507,0 100.595404,14.03662,0 100.595382,14.036734,0 100.595359,14.036847,0 100.595336,14.036961,0 100.595312,14.037074,0 100.595287,14.037188,0 100.595262,14.037301,0 100.59524,14.037405,0 100.595217,14.037519,0 100.595195,14.037632,0 100.595173,14.037746,0 100.595151,14.03786,0 100.595129,14.037974,0 100.595106,14.038087,0 100.595082,14.0382,0 100.59506,14.038305,0 100.595037,14.038418,0 100.595014,14.038532,0 100.594991,14.038645,0 100.594969,14.038759,0 100.594946,14.038868,0 100.594924,14.038975,0 100.594901,14.039089,0 100.594878,14.039202,0 100.594855,14.039315,0 100.594834,14.039427,0 100.594815,14.03954,0 100.594795,14.039654,0 100.594775,14.039768,0 100.594755,14.039882,0 100.594736,14.039996,0 100.594716,14.04011,0 100.594696,14.040224,0 100.594677,14.040329,0 100.594656,14.04044,0 100.594636,14.040545,0 100.594613,14.040658,0 100.594592,14.040771,0 100.594571,14.040885,0 100.594551,14.040999,0 100.594532,14.041113,0 100.594514,14.041227,0 100.594496,14.041341,0 100.594476,14.041455,0 100.594456,14.041569,0 100.594434,14.041682,0 100.594412,14.041796,0 100.594391,14.041901,0 100.59437,14.042005,0 100.594346,14.042118,0 100.59432,14.042229,0 100.594296,14.042333,0 100.594273,14.042437,0 100.594249,14.042541,0 100.594225,14.042651,0 100.594199,14.042764,0 100.594174,14.042876,0 100.59415,14.04299,0 100.594126,14.043103,0 100.594102,14.043217,0 100.594081,14.043321,0 100.59406,14.043426,0 100.594039,14.043531,0 100.594021,14.043625,0 100.594018,14.043641,0 100.593998,14.043736,0 100.593975,14.043849,0 100.593953,14.043953,0 100.593932,14.044056,0 100.59391,14.044167,0 100.593887,14.044279,0 100.593864,14.044391,0 100.593842,14.044505,0 100.593821,14.044614,0 100.593797,14.044728,0 100.593772,14.044841,0 100.593747,14.044953,0 100.593722,14.045065,0 100.593696,14.045178,0 100.593671,14.045291,0 100.593646,14.045404,0 100.593621,14.045516,0 100.593597,14.045626,0 100.593573,14.045739,0 100.593548,14.045851,0 100.593524,14.045965,0 100.593501,14.046078,0 100.59348,14.046183,0 100.593456,14.046296,0 100.593432,14.046409,0 100.593409,14.046523,0 100.593385,14.046637,0 100.593361,14.046751,0 100.593337,14.046865,0 100.593313,14.046979,0 100.59329,14.047093,0 100.593269,14.047197,0 100.593246,14.047311,0 100.593222,14.047425,0 100.593199,14.047539,0 100.593175,14.047653,0 100.593153,14.047758,0 100.593131,14.047863,0 100.593109,14.047968,0 100.593087,14.048073,0 100.593062,14.048187,0 100.593038,14.048301,0 100.593015,14.048415,0 100.592994,14.04852,0 100.592971,14.048626,0 100.592948,14.04874,0 100.592926,14.048854,0 100.592902,14.048968,0 100.592879,14.049082,0 100.592855,14.049195,0 100.592831,14.049309,0 100.592809,14.049414,0 100.592787,14.049519,0 100.592764,14.049633,0 100.592741,14.049747,0 100.592719,14.04986,0 100.5927,14.049968,0 100.592679,14.050083,0 100.592661,14.050189,0 100.592643,14.050294,0 100.592626,14.050399,0 100.592607,14.050514,0 100.592591,14.05062,0 100.592573,14.050734,0 100.592557,14.05084,0 100.592541,14.050946,0 100.592525,14.051052,0 100.592508,14.051158,0 100.592492,14.051263,0 100.592476,14.051368,0 100.59246,14.051473,0 100.592443,14.051578,0 100.592426,14.051693,0 100.59241,14.051808,0 100.592394,14.051922,0 100.592378,14.052032,0 100.592361,14.052141,0 100.592359,14.052154,0 100.592342,14.052261,0 100.592326,14.052366,0 100.592309,14.052471,0 100.59229,14.052584,0 100.592271,14.05269,0 100.592253,14.052795,0 100.592233,14.05291,0 100.592214,14.053025,0 100.592195,14.05314,0 100.592176,14.053255,0 100.592158,14.053369,0 100.592141,14.053474,0 100.592125,14.053573,0 100.592123,14.053583,0 100.592105,14.053696,0 100.592086,14.053811,0 100.592069,14.053924,0 100.592051,14.054038,0 100.592034,14.054151,0 100.59202,14.054258,0 100.592005,14.054373,0 100.59199,14.054487,0 100.591988,14.054501,0 100.591982,14.054545,0 100.591968,14.05466,0 100.591953,14.054774,0 100.591938,14.054885,0 100.591923,14.054994,0 100.591907,14.055102,0 100.591891,14.055214,0 100.591875,14.055328,0 100.591868,14.055373,0 100.591852,14.055486,0 100.591835,14.0556,0 100.591819,14.055714,0 100.591802,14.055829,0 100.591785,14.055944,0 100.59177,14.05605,0 100.591752,14.056164,0 100.591736,14.056277,0 100.591719,14.056392,0 100.591702,14.056507,0 100.591685,14.056617,0 100.591668,14.056727,0 100.59165,14.056842,0 100.591632,14.056957,0 100.591614,14.057069,0 100.591614,14.05707,0 100.591596,14.057184,0 100.591579,14.057292,0 100.591562,14.057406,0 100.591544,14.057519,0 100.591527,14.057631,0 100.591509,14.057745,0 100.591493,14.057858,0 100.591477,14.057972,0 100.591462,14.05808,0 100.591446,14.058193,0 100.59143,14.058306,0 100.591413,14.05842,0 100.591395,14.058533,0 100.591378,14.058647,0 100.591361,14.058761,0 100.591346,14.05887,0 100.591331,14.058984,0 100.591316,14.059098,0 100.591301,14.059212,0 100.591285,14.059325,0 100.591269,14.059439,0 100.591252,14.059552,0 100.591235,14.059666,0 100.591217,14.05978,0 100.591199,14.059893,0 100.591182,14.060006,0 100.591166,14.06012,0 100.591152,14.060227,0 100.591138,14.060339,0 100.591136,14.060357,0 100.591121,14.060465,0 100.591106,14.060574,0 100.591101,14.060618,0 100.591089,14.060709,0 100.591072,14.060823,0 100.591053,14.060936,0 100.591034,14.06105,0 100.591016,14.061163,0 100.590998,14.061276,0 100.590977,14.06139,0 100.590955,14.061502,0 100.590934,14.061615,0 100.590915,14.061728,0 100.590895,14.061842,0 100.590882,14.061926,0 100.590865,14.06204,0 100.590847,14.062153,0 100.590828,14.062267,0 100.590809,14.06238,0 100.59079,14.062494,0 100.590772,14.062606,0 100.590753,14.062719,0 100.590735,14.062831,0 100.590718,14.062938,0 100.5907,14.063052,0 100.590682,14.063159,0 100.590663,14.063272,0 100.590644,14.063386,0 100.590626,14.063499,0 100.590606,14.063612,0 100.590588,14.063717,0 100.590569,14.06383,0 100.59055,14.063943,0 100.590535,14.064052,0 100.590519,14.064165,0 100.590503,14.064274,0 100.590487,14.064382,0 100.590471,14.064496,0 100.590456,14.064601,0 100.590441,14.064715,0 100.590426,14.06483,0 100.590408,14.064943,0 100.590391,14.065057,0 100.590375,14.065169,0 100.590359,14.065282,0 100.590343,14.065396,0 100.590328,14.0655,0 100.590312,14.065614,0 100.590298,14.06572,0 100.590282,14.065834,0 100.590266,14.065948,0 100.590249,14.066062,0 100.590231,14.066175,0 100.590214,14.066279,0 100.590195,14.066392,0 100.590179,14.066498,0 100.590161,14.066611,0 100.590144,14.066726,0 100.590126,14.06684,0 100.59011,14.066945,0 100.590093,14.067058,0 100.590075,14.067172,0 100.590058,14.067277,0 100.59004,14.067391,0 100.590022,14.067505,0 100.590004,14.067619,0 100.589986,14.067724,0 100.589967,14.067838,0 100.589947,14.067951,0 100.589929,14.068056,0 100.589911,14.06816,0 100.589893,14.068264,0 100.589874,14.068378,0 100.589857,14.068483,0 100.58984,14.068597,0 100.589823,14.068705,0 100.589805,14.068819,0 100.589787,14.068932,0 100.589767,14.069046,0 100.589749,14.069152,0 100.589729,14.069266,0 100.58971,14.069379,0 100.58969,14.069492,0 100.58967,14.069605,0 100.58965,14.069718,0 100.589629,14.069832,0 100.589609,14.069945,0 100.589589,14.070056,0 100.589571,14.07016,0 100.589551,14.070274,0 100.589533,14.070387,0 100.589516,14.070493,0 100.589498,14.070606,0 100.589479,14.070719,0 100.589461,14.070833,0 100.589443,14.070947,0 100.589429,14.071041,0 100.589413,14.071154,0 100.589397,14.071267,0 100.58938,14.07138,0 100.589365,14.071494,0 100.589364,14.071501,0 100.58935,14.071607,0 100.589335,14.071722,0 100.589321,14.071827,0 100.589306,14.071942,0 100.58929,14.072056,0 100.589275,14.07217,0 100.58926,14.072283,0 100.589246,14.072397,0 100.589233,14.072512,0 100.589218,14.072626,0 100.589202,14.07273,0 100.589183,14.072844,0 100.589163,14.072958,0 100.589142,14.073071,0 100.589121,14.073185,0 100.589102,14.073295,0 100.589081,14.073408,0 100.589061,14.073522,0 100.589043,14.073626,0 100.589024,14.07374,0 100.589007,14.073845,0 100.588989,14.073949,0 100.58897,14.074056,0 100.58895,14.074169,0 100.588929,14.074282,0 100.588909,14.074395,0 100.58889,14.074509,0 100.588872,14.074621,0 100.588855,14.074727,0 100.588837,14.07484,0 100.58882,14.074953,0 100.588802,14.075063,0 100.588784,14.075177,0 100.588766,14.075291,0 100.588748,14.075405,0 100.58873,14.075519,0 100.588714,14.075624,0 100.588697,14.075738,0 100.58868,14.075853,0 100.588664,14.075967,0 100.588647,14.076081,0 100.588631,14.076196,0 100.588614,14.07631,0 100.588597,14.076425,0 100.588581,14.07654,0 100.588566,14.076654,0 100.58855,14.076769,0 100.588534,14.076876,0 100.588534,14.076877,0 100.588533,14.076884,0 100.588516,14.076999,0 100.5885,14.07711,0 100.588483,14.077224,0 100.588466,14.077339,0 100.58845,14.077453,0 100.588433,14.077567,0 100.588418,14.077672,0 100.588403,14.077778,0 100.588387,14.077884,0 100.58837,14.077998,0 100.588354,14.078104,0 100.588338,14.07821,0 100.588322,14.078315,0 100.588306,14.078421,0 100.58829,14.078526,0 100.588272,14.078641,0 100.588254,14.078755,0 100.588236,14.07887,0 100.588219,14.078985,0 100.588201,14.079099,0 100.588186,14.079205,0 100.588169,14.079319,0 100.588152,14.079433,0 100.588136,14.079534,0 100.588134,14.079546,0 100.588118,14.079653,0 100.588102,14.079758,0 100.588083,14.079873,0 100.588069,14.079959,0 100.588051,14.080074,0 100.588034,14.080188,0 100.588019,14.080293,0 100.588002,14.080405,0 100.587986,14.08052,0 100.58797,14.080634,0 100.587954,14.080748,0 100.587939,14.080854,0 100.587924,14.080959,0 100.587908,14.081074,0 100.587893,14.08118,0 100.587876,14.081294,0 100.58786,14.0814,0 100.587843,14.081515,0 100.587826,14.08162,0 100.58781,14.081726,0 100.587792,14.08184,0 100.587776,14.081945,0 100.58776,14.082051,0 100.587743,14.082166,0 100.587725,14.08228,0 100.587707,14.082395,0 100.587689,14.082509,0 100.58767,14.082624,0 100.587651,14.082737,0 100.587634,14.082843,0 100.587615,14.082957,0 100.587597,14.083062,0 100.587579,14.083167,0 100.587562,14.083272,0 100.587544,14.083387,0 100.587526,14.083492,0 100.587506,14.083606,0 100.587487,14.083711,0 100.587467,14.083826,0 100.587447,14.08394,0 100.587428,14.084054,0 100.58741,14.08416,0 100.587393,14.084264,0 100.587374,14.084379,0 100.587357,14.084484,0 100.58734,14.08459,0 100.587323,14.084695,0 100.587306,14.0848,0 100.587288,14.084915,0 100.58727,14.08503,0 100.587253,14.085144,0 100.587237,14.08525,0 100.587219,14.085364,0 100.587201,14.085479,0 100.587183,14.085593,0 100.587166,14.085698,0 100.587148,14.085813,0 100.58713,14.085927,0 100.587113,14.086033,0 100.587096,14.086138,0 100.58708,14.086244,0 100.587063,14.086349,0 100.587045,14.086464,0 100.587027,14.086578,0 100.58701,14.086684,0 100.586991,14.086798,0 100.586972,14.086913,0 100.586953,14.087027,0 100.586933,14.08714,0 100.586912,14.087254,0 100.586891,14.087368,0 100.586873,14.087474,0 100.586856,14.087579,0 100.586838,14.087694,0 100.586822,14.087798,0 100.586805,14.087903,0 100.586787,14.088008,0 100.586768,14.088123,0 100.586751,14.088228,0 100.586733,14.088342,0 100.586714,14.088456,0 100.586696,14.088561,0 100.586679,14.088666,0 100.586662,14.088768,0 100.586644,14.088878,0 100.586626,14.088993,0 100.586607,14.089107,0 100.586589,14.089221,0 100.586571,14.089331,0 100.586554,14.089442,0 100.586538,14.089556,0 100.586521,14.089667,0 100.586506,14.089775,0 100.58649,14.089889,0 100.586475,14.090004,0 100.58646,14.090119,0 100.586447,14.090228,0 100.586433,14.090342,0 100.58642,14.090458,0 100.586407,14.090572,0 100.586395,14.090688,0 100.586383,14.090803,0 100.586372,14.090918,0 100.586359,14.091032,0 100.586346,14.091147,0 100.586334,14.091262,0 100.586322,14.091377,0 100.58631,14.091486,0 100.586298,14.091597,0 100.586285,14.091711,0 100.586273,14.091822,0 100.58626,14.091937,0 100.586248,14.092052,0 100.586237,14.092166,0 100.586226,14.092281,0 100.586214,14.092396,0 100.586201,14.092511,0 100.586188,14.092626,0 100.586176,14.092739,0 100.586163,14.092854,0 100.586149,14.092966,0 100.586136,14.09308,0 100.586123,14.093193,0 100.58611,14.093308,0 100.586098,14.093423,0 100.586086,14.093537,0 100.586074,14.093652,0 100.586062,14.093767,0 100.586047,14.093881,0 100.586032,14.093995,0 100.586015,14.094109,0 100.585999,14.094223,0 100.585984,14.094335,0 100.585969,14.094449,0 100.585954,14.094563,0 100.585939,14.094678,0 100.585923,14.094792,0 100.585908,14.094898,0 100.585893,14.095003,0 100.585876,14.095116,0 100.58586,14.09523,0 100.585844,14.095344,0 100.58583,14.095459,0 100.585817,14.09557,0 100.5858,14.095684,0 100.585784,14.095797,0 100.585774,14.095871,0 100.585762,14.095944,0 100.585746,14.096058,0 100.585731,14.096172,0 100.585719,14.096286,0 100.585713,14.096343,0 100.585705,14.09643,0 100.585699,14.096508,0 100.58569,14.096613,0 100.585681,14.096718,0 100.585672,14.096823,0 100.585664,14.096929,0 100.585654,14.097044,0 100.585643,14.097159,0 100.585631,14.097274,0 100.585617,14.097389,0 100.585602,14.097504,0 100.585588,14.097618,0 100.585576,14.097724,0 100.585563,14.097838,0 100.58555,14.097954,0 100.585538,14.098065,0 100.585524,14.09818,0 100.58551,14.098294,0 100.585496,14.098409,0 100.585482,14.098523,0 100.585468,14.098636,0 100.585454,14.09875,0 100.585441,14.098862,0 100.585428,14.098974,0 100.585416,14.099089,0 100.585405,14.099201,0 100.585394,14.099314,0 100.585383,14.099426,0 100.58537,14.09954,0 100.585357,14.099654,0 100.585345,14.09976,0 100.585333,14.099871,0 100.585319,14.099986,0 100.585306,14.100091,0 100.585293,14.100206,0 100.58528,14.100321,0 100.585266,14.100436,0 100.585254,14.100551,0 100.585242,14.100666,0 100.58523,14.100781,0 100.58522,14.100886,0 100.585208,14.101001,0 100.585197,14.101107,0 100.585184,14.101222,0 100.58517,14.101336,0 100.585157,14.101442,0 100.585144,14.101547,0 100.58513,14.101662,0 100.585115,14.101776,0 100.5851,14.10189,0 100.585086,14.102005,0 100.585072,14.10211,0 100.585057,14.102224,0 100.585043,14.10233,0 100.585028,14.102445,0 100.585014,14.102549,0 100.585001,14.102655,0 100.584986,14.10277,0 100.584971,14.102885,0 100.584956,14.102999,0 100.584942,14.103114,0 100.584927,14.103228,0 100.584912,14.103342,0 100.584896,14.103456,0 100.584881,14.103571,0 100.584866,14.103685,0 100.584851,14.103798,0 100.584836,14.103913,0 100.584821,14.104028,0 100.584807,14.104139,0 100.584793,14.104252,0 100.58478,14.104358,0 100.584766,14.104473,0 100.584752,14.104587,0 100.584739,14.104693,0 100.584725,14.104808,0 100.58471,14.104923,0 100.584696,14.105037,0 100.584681,14.105152,0 100.584666,14.105267,0 100.584652,14.105372,0 100.584637,14.105487,0 100.584625,14.105586,0 100.584611,14.105701,0 100.584597,14.105817,0 100.584583,14.105932,0 100.584568,14.106048,0 100.584555,14.106154,0 100.584542,14.10626,0 100.584527,14.106376,0 100.584512,14.106491,0 100.584499,14.106598,0 100.584485,14.106704,0 100.584472,14.10681,0 100.584458,14.106926,0 100.584445,14.107032,0 100.584431,14.107148,0 100.584417,14.107264,0 100.584404,14.107378,0 100.584391,14.10749,0 100.584378,14.107606,0 100.584365,14.107722,0 100.584352,14.107837,0 100.58434,14.107944,0 100.584328,14.108059,0 100.584316,14.108175,0 100.584304,14.108291,0 100.584292,14.108406,0 100.584279,14.108522,0 100.584268,14.108629,0 100.584255,14.108744,0 100.584243,14.10886,0 100.58423,14.108975,0 100.584218,14.109089,0 100.584205,14.109201,0 100.584191,14.109317,0 100.584178,14.109423,0 100.584166,14.109533,0 100.584152,14.109645,0 100.58414,14.109759,0 100.584127,14.109873,0 100.584114,14.109982,0 100.5841,14.110093,0 100.584085,14.110209,0 100.584072,14.110317,0 100.584058,14.110433,0 100.584044,14.110547,0 100.58403,14.110663,0 100.584017,14.110771,0 100.584003,14.110887,0 100.583989,14.111002,0 100.583975,14.111113,0 100.583961,14.111222,0 100.583946,14.111333,0 100.583932,14.111442,0 100.583918,14.111558,0 100.583905,14.111667,0 100.583891,14.111782,0 100.583878,14.111898,0 100.583864,14.112009,0 100.583851,14.112119,0 100.583838,14.11223,0 100.583824,14.112343,0 100.583811,14.112454,0 100.583806,14.112502,0 100.583798,14.112569,0 100.583784,14.112684,0 100.583771,14.112794,0 100.583758,14.112909,0 100.583758,14.11291,0 100.583745,14.113025,0 100.583731,14.11314,0 100.583719,14.113249,0 100.583708,14.113358,0 100.583697,14.113464,0 100.583685,14.11358,0 100.583674,14.11367,0 100.58366,14.113785,0 100.583647,14.1139,0 100.583637,14.114009,0 100.583626,14.114124,0 100.583614,14.114238,0 100.583602,14.114353,0 100.583591,14.114459,0 100.583578,14.114574,0 100.583567,14.11468,0 100.583554,14.114795,0 100.583541,14.11491,0 100.583528,14.115024,0 100.583517,14.11513,0 100.583505,14.115236,0 100.583494,14.115341,0 100.583482,14.115456,0 100.583468,14.11557,0 100.583456,14.115676,0 100.583444,14.115782,0 100.58343,14.115896,0 100.583417,14.116011,0 100.583403,14.116125,0 100.583389,14.11624,0 100.583375,14.116355,0 100.58336,14.116469,0 100.583345,14.116584,0 100.583331,14.116698,0 100.583317,14.116804,0 100.583302,14.116909,0 100.583288,14.117015,0 100.583272,14.117129,0 100.583256,14.117244,0 100.58324,14.117358,0 100.583224,14.117463,0 100.58321,14.117568,0 100.583194,14.117682,0 100.583177,14.117796,0 100.583161,14.11791,0 100.583145,14.118025,0 100.58313,14.118139,0 100.583115,14.118254,0 100.583101,14.118365,0 100.5831,14.118374,0 100.58309,14.118457,0 100.583076,14.118568,0 100.583061,14.118683,0 100.583048,14.118788,0 100.583035,14.118894,0 100.583022,14.119008,0 100.583009,14.119123,0 100.582996,14.119238,0 100.582984,14.119343,0 100.582971,14.119449,0 100.582959,14.119554,0 100.582955,14.119585,0 100.582943,14.119699,0 100.58293,14.119814,0 100.582917,14.119929,0 100.582905,14.120043,0 100.582892,14.120158,0 100.582879,14.120272,0 100.582866,14.120386,0 100.582855,14.120489,0 100.582854,14.120498,0 100.582843,14.120603,0 100.582842,14.120612,0 100.58283,14.12072,0 100.582829,14.120728,0 100.582829,14.120729,0 100.582829,14.12073,0 100.582818,14.120827,0 100.582805,14.120942,0 100.582791,14.121056,0 100.582779,14.121162,0 100.582768,14.121267,0 100.582755,14.121382,0 100.582743,14.121487,0 100.58273,14.121602,0 100.582718,14.121716,0 100.582706,14.121822,0 100.582694,14.121926,0 100.582682,14.122032,0 100.582669,14.122146,0 100.582656,14.122261,0 100.582642,14.122375,0 100.582629,14.12249,0 100.582616,14.122604,0 100.582604,14.122709,0 100.582594,14.122803,0 100.582581,14.122917,0 100.582569,14.123022,0 100.582557,14.123136,0 100.582544,14.12325,0 100.582544,14.123256,0 100.582543,14.123256,0 100.582543,14.123258,0 100.582532,14.12336,0 100.582531,14.123369,0 100.582518,14.123477,0 100.582506,14.12358,0 100.582493,14.123695,0 100.582481,14.12381,0 100.582468,14.123924,0 100.582456,14.124039,0 100.582444,14.124153,0 100.582432,14.124268,0 100.58242,14.124373,0 100.582409,14.124479,0 100.582397,14.124584,0 100.582386,14.12469,0 100.582374,14.124795,0 100.582363,14.124901,0 100.582352,14.125007,0 100.582341,14.125121,0 100.58233,14.125236,0 100.58232,14.125351,0 100.58231,14.125456,0 100.582299,14.125571,0 100.582288,14.125686,0 100.582278,14.1258,0 100.582268,14.125914,0 100.582257,14.126029,0 100.582247,14.126144,0 100.582236,14.126252,0 100.582225,14.126366,0 100.582214,14.126472,0 100.582214,14.126481,0 100.582202,14.126595,0 100.582191,14.126701,0 100.582178,14.126816,0 100.582167,14.126921,0 100.582154,14.127036,0 100.582142,14.12715,0 100.582131,14.127256,0 100.582119,14.127361,0 100.582108,14.127466,0 100.582096,14.127581,0 100.582083,14.127696,0 100.58207,14.12781,0 100.582056,14.127924,0 100.582042,14.128039,0 100.582041,14.12805,0 100.582026,14.128148,0 100.582006,14.128262,0 100.581988,14.128375,0 100.581971,14.128488,0 100.581955,14.128602,0 100.58194,14.128715,0 100.581928,14.12883,0 100.581913,14.12894,0 100.581897,14.129054,0 100.58188,14.129168,0 100.581865,14.129273,0 100.581848,14.129386,0 100.581833,14.129491,0 100.581816,14.129604,0 100.5818,14.129717,0 100.581783,14.12983,0 100.581768,14.129936,0 100.581754,14.130043,0 100.581739,14.130154,0 100.581723,14.130268,0 100.581708,14.130374,0 100.581692,14.130488,0 100.581676,14.130602,0 100.58166,14.130716,0 100.581645,14.130831,0 100.58163,14.130945,0 100.581614,14.131059,0 100.581598,14.131173,0 100.581582,14.131287,0 100.581566,14.131392,0 100.581551,14.131498,0 100.581536,14.131603,0 100.581527,14.131661,0 100.581515,14.131773,0 100.581506,14.13187,0 100.581494,14.131984,0 100.581482,14.132098,0 100.581471,14.132213,0 100.581461,14.132328,0 100.581451,14.132444,0 100.581442,14.132559,0 100.581432,14.132675,0 100.581422,14.132788,0 100.581413,14.132894,0 100.581402,14.133009,0 100.581392,14.133125,0 100.581382,14.13323,0 100.581381,14.133244,0 100.581372,14.133346,0 100.581362,14.133461,0 100.581351,14.133576,0 100.58134,14.133683,0 100.581328,14.133798,0 100.581317,14.133905,0 100.581306,14.134014,0 100.581294,14.134123,0 100.581282,14.134232,0 100.581269,14.134348,0 100.581257,14.134457,0 100.581244,14.134568,0 100.581231,14.134678,0 100.581218,14.134787,0 100.581205,14.134897,0 100.581193,14.135006,0 100.581182,14.135115,0 100.58117,14.13523,0 100.581158,14.13534,0 100.581145,14.135451,0 100.581131,14.135566,0 100.581119,14.135675,0 100.581105,14.13579,0 100.581093,14.135899,0 100.58108,14.136014,0 100.581067,14.136129,0 100.581056,14.136245,0 100.581043,14.13636,0 100.58103,14.136473,0 100.581016,14.136588,0 100.581002,14.136703,0 100.580988,14.136818,0 100.580976,14.136928,0 100.580962,14.137041,0 100.580949,14.137151,0 100.580936,14.13726,0 100.580922,14.137375,0 100.580908,14.137484,0 100.580894,14.137599,0 100.580881,14.137706,0 100.580866,14.137821,0 100.580852,14.137936,0 100.580837,14.138051,0 100.580821,14.138166,0 100.580804,14.13828,0 100.580787,14.138392,0 100.580769,14.138507,0 100.580751,14.138622,0 100.580735,14.138734,0 100.580718,14.138846,0 100.580702,14.13896,0 100.580687,14.139075,0 100.580672,14.13919,0 100.580658,14.1393,0 100.580643,14.139415,0 100.580627,14.139529,0 100.580611,14.139644,0 100.580595,14.139759,0 100.580578,14.139874,0 100.58056,14.139988,0 100.580542,14.140103,0 100.580525,14.140218,0 100.580509,14.140334,0 100.580494,14.140448,0 100.58048,14.140557,0 100.580465,14.140672,0 100.580451,14.140786,0 100.580437,14.140899,0 100.580424,14.141005,0 100.580413,14.141098,0 100.5804,14.141206,0 100.580388,14.141314,0 100.580373,14.141428,0 100.580359,14.141534,0 100.580343,14.141646,0 100.580329,14.141759,0 100.580316,14.141867,0 100.580304,14.141979,0 100.580292,14.142094,0 100.580279,14.142209,0 100.580267,14.142325,0 100.580255,14.14244,0 100.580242,14.142555,0 100.58023,14.14267,0 100.580217,14.142785,0 100.580205,14.1429,0 100.580192,14.143015,0 100.580178,14.143129,0 100.580165,14.143244,0 100.580152,14.143358,0 100.580137,14.143472,0 100.580121,14.143587,0 100.580105,14.143701,0 100.58009,14.143814,0 100.580075,14.143922,0 100.58006,14.144033,0 100.580045,14.144148,0 100.580029,14.144262,0 100.580013,14.144377,0 100.58,14.144487,0 100.579986,14.144602,0 100.579972,14.144717,0 100.579959,14.144832,0 100.579945,14.144946,0 100.579932,14.145061,0 100.579918,14.145174,0 100.579904,14.145289,0 100.579889,14.145404,0 100.579875,14.145518,0 100.57986,14.145633,0 100.579846,14.145748,0 100.579832,14.145861,0 100.579818,14.145976,0 100.579803,14.146089,0 100.579788,14.146204,0 100.579773,14.146319,0 100.579758,14.146434,0 100.579745,14.146528,0 100.579729,14.146643,0 100.579714,14.146751,0 100.579699,14.146866,0 100.579686,14.146976,0 100.579671,14.147091,0 100.579657,14.147206,0 100.579642,14.147321,0 100.579629,14.147436,0 100.579616,14.14755,0 100.579602,14.147665,0 100.579589,14.14778,0 100.579575,14.147895,0 100.579563,14.14801,0 100.57955,14.148124,0 100.579538,14.148239,0 100.579526,14.148354,0 100.579513,14.148469,0 100.579501,14.148583,0 100.579489,14.148698,0 100.579477,14.148805,0 100.579466,14.148914,0 100.579455,14.149023,0 100.579442,14.149138,0 100.57943,14.149251,0 100.579417,14.149364,0 100.579404,14.149472,0 100.579389,14.149587,0 100.579375,14.1497,0 100.579362,14.149815,0 100.57935,14.14993,0 100.579338,14.150046,0 100.579326,14.15016,0 100.579313,14.150273,0 100.579299,14.150388,0 100.579285,14.150503,0 100.579272,14.150613,0 100.579259,14.150725,0 100.579246,14.150839,0 100.579232,14.150954,0 100.579219,14.151064,0 100.579206,14.151179,0 100.579192,14.151294,0 100.579179,14.151401,0 100.579165,14.151515,0 100.579149,14.15163,0 100.579145,14.151664,0 100.579135,14.151739,0 100.579121,14.151847,0 100.579107,14.15196,0 100.579094,14.15207,0 100.579081,14.152185,0 100.579069,14.1523,0 100.579058,14.152408,0 100.579046,14.152522,0 100.579034,14.152636,0 100.579021,14.152751,0 100.579008,14.152865,0 100.578995,14.152976,0 100.578981,14.15309,0 100.578981,14.153091,0 100.578967,14.153206,0 100.578953,14.153319,0 100.578938,14.153432,0 100.578923,14.153546,0 100.578909,14.15366,0 100.578895,14.153767,0 100.578882,14.153881,0 100.578867,14.153996,0 100.578854,14.154111,0 100.578841,14.154219,0 100.578829,14.15433,0 100.578816,14.154441,0 100.578803,14.154556,0 100.578791,14.154668,0 100.578779,14.154778,0 100.578768,14.154893,0 100.578757,14.155002,0 100.578745,14.155112,0 100.578734,14.15522,0 100.578721,14.155335,0 100.578707,14.15545,0 100.578693,14.155566,0 100.578679,14.155681,0 100.578665,14.155797,0 100.578653,14.155892,0 100.578639,14.156007,0 100.578626,14.156116,0 100.578613,14.156225,0 100.5786,14.15634,0 100.578587,14.156452,0 100.578574,14.156564,0 100.578561,14.156676,0 100.578547,14.156791,0 100.578544,14.156813,0 100.578533,14.156907,0 100.578519,14.157022,0 100.578506,14.157137,0 100.578493,14.157252,0 100.57848,14.157359,0 100.578465,14.157469,0 100.57845,14.157584,0 100.578435,14.157698,0 100.57842,14.157813,0 100.578404,14.157927,0 100.578388,14.158042,0 100.578371,14.158157,0 100.578354,14.158272,0 100.578337,14.158386,0 100.578321,14.158501,0 100.578306,14.158614,0 100.578291,14.158729,0 100.578276,14.158843,0 100.578262,14.158959,0 100.578249,14.159074,0 100.578236,14.159184,0 100.578223,14.159295,0 100.578209,14.159409,0 100.578196,14.159522,0 100.578182,14.159637,0 100.57817,14.159751,0 100.578159,14.159861,0 100.578147,14.159976,0 100.578135,14.160091,0 100.578123,14.160206,0 100.578112,14.160316,0 100.5781,14.160425,0 100.57809,14.16054,0 100.578079,14.160651,0 100.578068,14.160757,0 100.578057,14.160867,0 100.578046,14.160977,0 100.578034,14.161089,0 100.578023,14.1612,0 100.578023,14.161201,0 100.578012,14.161306,0 100.57801,14.161322,0 100.578001,14.161418,0 100.57799,14.161528,0 100.577978,14.161642,0 100.577966,14.161758,0 100.577954,14.161869,0 100.57794,14.16198,0 100.577929,14.162066,0 100.577928,14.162075,0 100.577915,14.16218,0 100.577902,14.162289,0 100.577887,14.162404,0 100.577872,14.162511,0 100.577857,14.162621,0 100.577844,14.162719,0 100.577844,14.162724,0 100.577842,14.162738,0 100.577829,14.162846,0 100.577814,14.162961,0 100.5778,14.16307,0 100.577785,14.163184,0 100.577769,14.163298,0 100.577755,14.163406,0 100.57774,14.163512,0 100.577724,14.163626,0 100.577708,14.16374,0 100.577692,14.163854,0 100.577675,14.163968,0 100.577659,14.164082,0 100.577643,14.164195,0 100.577628,14.164303,0 100.577612,14.164413,0 100.577596,14.164527,0 100.577581,14.16464,0 100.577565,14.164754,0 100.57755,14.164864,0 100.577535,14.164978,0 100.57752,14.165088,0 100.577506,14.165202,0 100.577492,14.165312,0 100.577478,14.165427,0 100.577464,14.16554,0 100.57745,14.165654,0 100.577435,14.165765,0 100.577421,14.165878,0 100.577406,14.165992,0 100.577393,14.166097,0 100.57738,14.166208,0 100.577365,14.166317,0 100.57735,14.166428,0 100.577334,14.166541,0 100.577317,14.166655,0 100.577302,14.166767,0 100.577286,14.16688,0 100.577271,14.166994,0 100.577257,14.167105,0 100.577242,14.16722,0 100.577228,14.167334,0 100.577215,14.167441,0 100.577201,14.167555,0 100.577199,14.167571,0 100.577187,14.167668,0 100.577174,14.167782,0 100.57716,14.167898,0 100.577147,14.168011,0 100.577135,14.168122,0 100.577123,14.168236,0 100.577111,14.168349,0 100.577099,14.168463,0 100.577087,14.168578,0 100.577074,14.168692,0 100.577063,14.168802,0 100.577051,14.168917,0 100.577039,14.169031,0 100.577029,14.169145,0 100.577019,14.169256,0 100.577009,14.16937,0 100.576999,14.169485,0 100.576998,14.169489,0 100.576988,14.169599,0 100.576977,14.169714,0 100.576966,14.169828,0 100.576954,14.169943,0 100.576942,14.170058,0 100.576931,14.170172,0 100.57692,14.170278,0 100.57691,14.170386,0 100.576899,14.170499,0 100.576887,14.170605,0 100.576876,14.17072,0 100.576864,14.17083,0 100.576852,14.170944,0 100.576841,14.171053,0 100.57683,14.171161,0 100.576819,14.171271,0 100.576817,14.171286,0 100.576806,14.17138,0 100.576793,14.171485,0 100.576782,14.171578,0 100.576768,14.171692,0 100.576754,14.171807,0 100.576741,14.171921,0 100.576728,14.172035,0 100.576716,14.17215,0 100.576704,14.172264,0 100.576693,14.172377,0 100.576682,14.172492,0 100.576671,14.172601,0 100.576663,14.17271,0 100.576657,14.17282,0 100.576652,14.17293,0 100.576647,14.173041,0 100.576643,14.173156,0 100.57664,14.173264,0 100.576638,14.17338,0 100.576637,14.17349,0 100.576637,14.173599,0 100.576637,14.173708,0 100.576637,14.173823,0 100.576638,14.173939,0 100.576639,14.174054,0 100.576641,14.174163,0 100.576644,14.174279,0 100.576648,14.174389,0 100.576653,14.174499,0 100.576658,14.174615,0 100.576664,14.17473,0 100.57667,14.174842,0 100.576677,14.174953,0 100.576686,14.175069,0 100.576695,14.175177,0 100.576705,14.175284,0 100.576705,14.175288,0 100.576717,14.175403,0 100.576729,14.175517,0 100.576742,14.175631,0 100.576755,14.175746,0 100.576768,14.175861,0 100.57678,14.175976,0 100.576793,14.176091,0 100.576806,14.176206,0 100.576818,14.176318,0 100.57683,14.176434,0 100.576843,14.176548,0 100.576856,14.176663,0 100.576868,14.176777,0 100.57688,14.176889,0 100.576892,14.177002,0 100.576905,14.177117,0 100.576916,14.177231,0 100.576927,14.177338,0 100.576939,14.177452,0 100.576951,14.177567,0 100.576962,14.177676,0 100.576972,14.177788,0 100.576978,14.177842,0 100.576983,14.177889,0 100.576984,14.177903,0 100.576997,14.178018,0 100.577009,14.178133,0 100.577022,14.178248,0 100.577037,14.178363,0 100.577052,14.178478,0 100.577067,14.178593,0 100.577082,14.178708,0 100.577096,14.178815,0 100.57711,14.17893,0 100.577123,14.179044,0 100.577136,14.179154,0 100.57715,14.179269,0 100.577163,14.179384,0 100.577175,14.179493,0 100.577187,14.179608,0 100.577199,14.179723,0 100.57721,14.179838,0 100.577218,14.179936,0 100.57722,14.179954,0 100.577226,14.180022,0 100.577236,14.18013,0 100.577247,14.18024,0 100.577256,14.180352,0 100.577266,14.180468,0 100.577274,14.180583,0 100.577282,14.180695,0 100.57729,14.180806,0 100.577299,14.180916,0 100.577304,14.180974,0 100.577306,14.180988,0 100.57732,14.181102,0 100.577333,14.181211,0 100.577347,14.181318,0 100.577347,14.18132,0 100.577362,14.181434,0 100.577376,14.181544,0 100.577391,14.181658,0 100.577404,14.181767,0 100.577418,14.181881,0 100.577433,14.181996,0 100.577447,14.182111,0 100.57746,14.182219,0 100.577474,14.182334,0 100.577487,14.182449,0 100.577499,14.182562,0 100.577511,14.182678,0 100.577523,14.182792,0 100.577534,14.182907,0 100.577545,14.183022,0 100.577556,14.183136,0 100.577568,14.183246,0 100.577579,14.183361,0 100.577593,14.18347,0 100.577609,14.183584,0 100.577624,14.183694,0 100.577638,14.183806,0 100.577653,14.183919,0 100.577669,14.184032,0 100.577685,14.184147,0 100.5777,14.184262,0 100.577715,14.184375,0 100.577729,14.18449,0 100.577742,14.184605,0 100.577754,14.18472,0 100.577767,14.184835,0 100.57778,14.18495,0 100.577792,14.185062,0 100.577805,14.185176,0 100.577807,14.185191,0 100.577817,14.185292,0 100.577827,14.185404,0 100.577837,14.185516,0 100.577847,14.185626,0 100.577858,14.185741,0 100.577869,14.185848,0 100.577885,14.185963,0 100.5779,14.186077,0 100.577916,14.18619,0 100.577931,14.186302,0 100.577947,14.186416,0 100.577962,14.186532,0 100.577976,14.18664,0 100.57799,14.186755,0 100.578003,14.186866,0 100.578016,14.186981,0 100.578028,14.187096,0 100.57804,14.187208,0 100.578051,14.187324,0 100.578062,14.187439,0 100.578073,14.187547,0 100.578084,14.187661,0 100.578095,14.187776,0 100.578106,14.187891,0 100.57812,14.188003,0 100.578136,14.188117,0 100.578152,14.188231,0 100.578167,14.18834,0 100.578182,14.188448,0 100.578197,14.188562,0 100.578212,14.188673,0 100.578226,14.188781,0 100.57824,14.188895,0 100.578253,14.18901,0 100.578265,14.189116,0 100.578277,14.189224,0 100.578289,14.189339,0 100.5783,14.189446,0 100.578311,14.189561,0 100.578322,14.189666,0 100.578333,14.189782,0 100.578344,14.189894,0 100.578356,14.190009,0 100.578369,14.190124,0 100.578382,14.190239,0 100.578394,14.190354,0 100.578407,14.190469,0 100.578423,14.190584,0 100.578438,14.190697,0 100.578453,14.190811,0 100.578468,14.190926,0 100.578483,14.19104,0 100.578498,14.191155,0 100.578513,14.19127,0 100.578529,14.191385,0 100.578544,14.1915,0 100.578559,14.191614,0 100.578573,14.191722,0 100.578586,14.191838,0 100.578598,14.191947,0 100.578607,14.192032,0 100.578619,14.192143,0 100.57863,14.192258,0 100.578632,14.192271,0 100.578642,14.192374,0 100.578653,14.192489,0 100.578664,14.192604,0 100.578676,14.192719,0 100.578678,14.192733,0 100.578688,14.192835,0 100.578699,14.19295,0 100.578712,14.193065,0 100.578727,14.193178,0 100.578741,14.193287,0 100.578756,14.193401,0 100.578774,14.193515,0 100.57879,14.193629,0 100.578806,14.193743,0 100.578821,14.193851,0 100.578837,14.193964,0 100.578852,14.194079,0 100.578867,14.194185,0 100.578869,14.194199,0 100.578883,14.194307,0 100.578896,14.194415,0 100.578911,14.19453,0 100.578925,14.194638,0 100.578938,14.194752,0 100.578949,14.19486,0 100.578961,14.194971,0 100.578962,14.194972,0 100.578962,14.194973,0 100.578973,14.195079,0 100.578986,14.19519,0 100.578998,14.195302,0 100.579009,14.195412,0 100.57902,14.195522,0 100.57903,14.195633,0 100.579042,14.195744,0 100.579053,14.195858,0 100.579064,14.195965,0 100.579075,14.19608,0 100.579088,14.196192,0 100.579102,14.196301,0 100.579116,14.196409,0 100.57913,14.196524,0 100.579132,14.196538,0 100.579144,14.196637,0 100.579158,14.196752,0 100.579171,14.196865,0 100.579184,14.196973,0 100.579196,14.197079,0 100.579198,14.197095,0 100.579209,14.197187,0 100.579223,14.197301,0 100.579238,14.197416,0 100.579252,14.197531,0 100.579265,14.197639,0 100.579278,14.197749,0 100.579291,14.197859,0 100.579304,14.197974,0 100.579317,14.198089,0 100.57933,14.198204,0 100.579343,14.198317,0 100.579356,14.198432,0 100.57937,14.198547,0 100.579383,14.198662,0 100.579395,14.19877,0 100.579408,14.198885,0 100.57942,14.199,0 100.579432,14.199114,0 100.579444,14.199222,0 100.579456,14.199335,0 100.579468,14.19945,0 100.579478,14.199565,0 100.579488,14.19968,0 100.579522,14.199783,0 100.579572,14.199877,0 100.579626,14.199974,0 100.579681,14.200076,0 100.579721,14.200152,0 100.579775,14.200255,0 100.579806,14.200368,0 100.579815,14.200483,0 100.579821,14.200591,0 100.579828,14.2007,0 100.579834,14.200784,0 100.579842,14.200897,0 100.579852,14.201012,0 100.579861,14.201122,0 100.57987,14.201234,0 100.579878,14.201343,0 100.579888,14.201458,0 100.579899,14.201567,0 100.57991,14.201677,0 100.579923,14.201791,0 100.579932,14.201907,0 100.579938,14.201987,0 100.579945,14.202099,0 100.579924,14.202213,0 100.579917,14.202228,0 100.579875,14.202331,0 100.579832,14.202438,0 100.579816,14.202553,0 100.579825,14.202667,0 100.579836,14.202782,0 100.579849,14.202897,0 100.579862,14.203012,0 100.579876,14.203127,0 100.579889,14.203242,0 100.579903,14.203357,0 100.579917,14.203472,0 100.57993,14.203587,0 100.579943,14.203701,0 100.579956,14.203816,0 100.579969,14.203931,0 100.579981,14.204038,0 100.579994,14.204153,0 100.580005,14.20426,0 100.580018,14.204371,0 100.580031,14.204486,0 100.580044,14.204601,0 100.580056,14.204716,0 100.580068,14.204831,0 100.580081,14.204946,0 100.580093,14.205061,0 100.580106,14.205176,0 100.580114,14.205248,0 100.580118,14.205284,0 100.580131,14.205397,0 100.580143,14.205506,0 100.580156,14.205619,0 100.580169,14.205733,0 100.580182,14.205847,0 100.580196,14.205963,0 100.58021,14.206077,0 100.580223,14.20619,0 100.580237,14.206299,0 100.58025,14.206412,0 100.580263,14.206526,0 100.580276,14.206633,0 100.580289,14.20674,0 100.580303,14.206856,0 100.580318,14.20697,0 100.580332,14.207078,0 100.580347,14.207193,0 100.58036,14.207308,0 100.580374,14.207423,0 100.580387,14.207538,0 100.580401,14.207652,0 100.580415,14.207767,0 100.580429,14.207878,0 100.580443,14.207987,0 100.580457,14.208102,0 100.580472,14.208217,0 100.580486,14.208331,0 100.580501,14.208446,0 100.580515,14.20856,0 100.58053,14.208674,0 100.580542,14.208785,0 100.580556,14.208896,0 100.580569,14.209006,0 100.580582,14.209114,0 100.580595,14.209226,0 100.580609,14.209341,0 100.580622,14.20945,0 100.580635,14.209559,0 100.580648,14.209674,0 100.580661,14.209789,0 100.580674,14.209903,0 100.580675,14.209918,0 100.580686,14.210014,0 100.580698,14.210124,0 100.580711,14.210234,0 100.580723,14.21034,0 100.580737,14.210455,0 100.58075,14.21057,0 100.580763,14.210667,0 100.580765,14.21069,0 100.580777,14.2108,0 100.580786,14.210915,0 100.580795,14.21103,0 100.580806,14.211145,0 100.580819,14.21126,0 100.580833,14.211374,0 100.580847,14.211489,0 100.580861,14.211604,0 100.580866,14.211648,0 100.580879,14.211763,0 100.580891,14.211878,0 100.580904,14.211993,0 100.580917,14.212108,0 100.58093,14.212223,0 100.580944,14.212338,0 100.580957,14.212444,0 100.580971,14.212559,0 100.580985,14.212671,0 100.580999,14.212785,0 100.581013,14.2129,0 100.581027,14.213014,0 100.581042,14.213128,0 100.581058,14.213241,0 100.581075,14.213355,0 100.581093,14.213469,0 100.581111,14.21358,0 100.581128,14.213694,0 100.581145,14.213805,0 100.58116,14.213918,0 100.58116,14.213919,0 100.581174,14.214034,0 100.581188,14.214147,0 100.581202,14.214259,0 100.581214,14.214374,0 100.581225,14.21448,0 100.581237,14.214596,0 100.581249,14.214708,0 100.581261,14.214823,0 100.581272,14.214938,0 100.581273,14.214938,0 100.581284,14.215048,0 100.581295,14.215158,0 100.581298,14.215187,0 100.581299,14.215201,0 100.581304,14.215253,0 100.581317,14.215367,0 100.581328,14.215476,0 100.581341,14.215588,0 100.581354,14.215703,0 100.581366,14.215812,0 100.581379,14.215927,0 100.581393,14.216042,0 100.581407,14.216153,0 100.581422,14.216268,0 100.581436,14.216374,0 100.58145,14.216489,0 100.581464,14.216599,0 100.581478,14.216704,0 100.581494,14.216819,0 100.581501,14.216879,0 100.581516,14.216994,0 100.581531,14.217109,0 100.581546,14.217224,0 100.581561,14.217339,0 100.581575,14.217448,0 100.581588,14.21756,0 100.581601,14.217675,0 100.581613,14.217789,0 100.581624,14.217895,0 100.581633,14.218003,0 100.581644,14.218113,0 100.581658,14.218227,0 100.581673,14.218336,0 100.581688,14.21845,0 100.581702,14.218564,0 100.581707,14.218608,0 100.581721,14.218722,0 100.581736,14.218837,0 100.581749,14.218942,0 100.581763,14.219057,0 100.581778,14.219171,0 100.581791,14.219286,0 100.581803,14.219401,0 100.581812,14.21951,0 100.581823,14.219626,0 100.581834,14.219741,0 100.581845,14.219856,0 100.581857,14.219964,0 100.581871,14.220073,0 100.581892,14.220187,0 100.581925,14.220298,0 100.581956,14.220409,0 100.581987,14.220516,0 100.582017,14.220622,0 100.582048,14.220732,0 100.582076,14.220834,0 100.582108,14.220946,0 100.582139,14.221056,0 100.582149,14.221092,0 100.582168,14.221185,0 100.582169,14.221194,0 100.58217,14.221202,0 100.58217,14.221204,0 100.582171,14.221209,0 100.582172,14.221214,0 100.582172,14.22122,0 100.582173,14.221224,0 100.582173,14.221226,0 100.582174,14.221235,0 100.582189,14.221344,0 100.582193,14.221451,0 100.582193,14.221459,0 100.582197,14.22153,0 100.582209,14.221644,0 100.582222,14.221759,0 100.582236,14.221873,0 100.58225,14.221988,0 100.582263,14.222102,0 100.582276,14.222217,0 100.582288,14.222331,0 100.5823,14.222446,0 100.582312,14.222561,0 100.582325,14.222675,0 100.58234,14.22279,0 100.582354,14.222904,0 100.582368,14.22301,0 100.582384,14.223124,0 100.5824,14.223236,0 100.582416,14.22335,0 100.58243,14.223454,0 100.582444,14.223569,0 100.582458,14.223683,0 100.582473,14.223798,0 100.582482,14.223862,0 100.582496,14.223976,0 100.582507,14.224091,0 100.582521,14.224205,0 100.582535,14.224319,0 100.582552,14.224433,0 100.582566,14.224547,0 100.582578,14.22465,0 100.582592,14.224764,0 100.582607,14.224879,0 100.582621,14.224992,0 100.582634,14.225106,0 100.582648,14.225221,0 100.582662,14.225335,0 100.582677,14.22545,0 100.582693,14.225564,0 100.582708,14.225671,0 100.582724,14.225786,0 100.58274,14.2259,0 100.58276,14.226004,0 100.582767,14.226039,0 100.58279,14.226152,0 100.582811,14.226265,0 100.582832,14.226378,0 100.582845,14.226493,0 100.582852,14.226608,0 100.582862,14.226712,0 100.582871,14.226817,0 100.582881,14.22693,0 100.582892,14.227045,0 100.5829,14.22716,0 100.582901,14.227173,0 100.582905,14.227239,0 100.582912,14.227344,0 100.582922,14.22745,0 100.582935,14.227565,0 100.582948,14.22768,0 100.582962,14.227794,0 100.582976,14.227909,0 100.58299,14.228023,0 100.583005,14.228137,0 100.583019,14.228252,0 100.583034,14.228366,0 100.583048,14.228481,0 100.583062,14.228596,0 100.583075,14.2287,0 100.583087,14.228805,0 100.583099,14.22891,0 100.583112,14.229025,0 100.583123,14.22913,0 100.583135,14.229235,0 100.583146,14.22935,0 100.583158,14.229464,0 100.58317,14.229579,0 100.583182,14.229687,0 100.583196,14.229802,0 100.583209,14.229916,0 100.583222,14.230021,0 100.583235,14.230136,0 100.583248,14.230241,0 100.583262,14.230355,0 100.583275,14.23047,0 100.583289,14.230584,0 100.583303,14.230699,0 100.583317,14.230813,0 100.58333,14.230928,0 100.583344,14.231042,0 100.583358,14.231157,0 100.583371,14.231272,0 100.583385,14.231386,0 100.583398,14.231501,0 100.583412,14.231616,0 100.583425,14.23173,0 100.583439,14.231845,0 100.583454,14.231959,0 100.58347,14.232074,0 100.583486,14.232188,0 100.583501,14.232302,0 100.583516,14.232416,0 100.583532,14.232531,0 100.583546,14.232646,0 100.583562,14.23276,0 100.583577,14.232874,0 100.583592,14.232988,0 100.583606,14.233103,0 100.583619,14.233207,0 100.583632,14.233322,0 100.583644,14.233437,0 100.583656,14.233552,0 100.583668,14.233667,0 100.583681,14.233781,0 100.583688,14.23386,0 100.583701,14.233975,0 100.583713,14.234089,0 100.583725,14.234204,0 100.583736,14.234317,0 100.58375,14.234432,0 100.583764,14.234531,0 100.583767,14.234546,0 100.583771,14.234575,0 100.583786,14.234689,0 100.583799,14.234794,0 100.583814,14.234908,0 100.583829,14.235023,0 100.583843,14.235137,0 100.583857,14.23525,0 100.583871,14.235365,0 100.583884,14.23547,0 100.583897,14.235584,0 100.58391,14.235699,0 100.583922,14.235814,0 100.583933,14.235919,0 100.583944,14.236023,0 100.583956,14.236138,0 100.583967,14.236252,0 100.583978,14.236367,0 100.58399,14.236482,0 100.584003,14.236596,0 100.584016,14.2367,0 100.584031,14.236816,0 100.584045,14.236926,0 100.584059,14.237031,0 100.584073,14.237136,0 100.584086,14.23724,0 100.5841,14.237355,0 100.584113,14.23746,0 100.584128,14.237574,0 100.584143,14.237688,0 100.584157,14.237803,0 100.584171,14.237917,0 100.584186,14.238032,0 100.584198,14.238146,0 100.584211,14.238261,0 100.584223,14.238377,0 100.584235,14.238492,0 100.584247,14.238607,0 100.58426,14.238723,0 100.584273,14.238838,0 100.584287,14.238954,0 100.584302,14.239069,0 100.584319,14.239184,0 100.584334,14.239299,0 100.584344,14.239372,0 100.58436,14.239487,0 100.584375,14.239602,0 100.58439,14.239717,0 100.58438,14.239832,0 100.584359,14.239946,0 100.584353,14.240063,0 100.584356,14.240179,0 100.584359,14.240294,0 100.58436,14.240343,0 100.58436,14.240356,0 100.584358,14.240469,0 100.584354,14.240585,0 100.58435,14.240701,0 100.584348,14.240817,0 100.584348,14.240934,0 100.584353,14.24105,0 100.584362,14.241165,0 100.584374,14.241281,0 100.584387,14.241396,0 100.5844,14.241512,0 100.584414,14.241627,0 100.584429,14.241742,0 100.584445,14.241856,0 100.58446,14.24197,0 100.584476,14.242086,0 100.584491,14.242201,0 100.584507,14.242316,0 100.584524,14.242431,0 100.584541,14.242546,0 100.584559,14.24266,0 100.584579,14.242771,0 100.584601,14.242884,0 100.584623,14.242999,0 100.584642,14.243113,0 100.584658,14.243228,0 100.584671,14.243344,0 100.584684,14.243459,0 100.584699,14.243564,0 100.584718,14.243679,0 100.584734,14.243793,0 100.584747,14.243908,0 100.584762,14.244023,0 100.584765,14.244046,0 100.584778,14.244137,0 100.584792,14.244242,0 100.584808,14.244357,0 100.584823,14.244472,0 100.584835,14.24458,0 100.584847,14.244696,0 100.584858,14.244812,0 100.58487,14.244927,0 100.584872,14.244946,0 100.584886,14.245062,0 100.584899,14.245177,0 100.584912,14.245292,0 100.584924,14.245402,0 100.584939,14.245518,0 100.584958,14.245632,0 100.58496,14.245644,0 100.584978,14.245745,0 100.584995,14.24585,0 100.585013,14.245965,0 100.58503,14.24608,0 100.585044,14.246195,0 100.585053,14.246308,0 100.585058,14.246414,0 100.585061,14.24653,0 100.585072,14.246646,0 100.585086,14.246757,0 100.5851,14.246872,0 100.585114,14.24698,0 100.585127,14.247088,0 100.585141,14.247193,0 100.585154,14.247298,0 100.585168,14.247404,0 100.58518,14.247509,0 100.585192,14.247615,0 100.585205,14.24773,0 100.585218,14.247846,0 100.585231,14.247952,0 100.585242,14.248052,0 100.585253,14.248158,0 100.585264,14.248263,0 100.585275,14.248369,0 100.585286,14.248474,0 100.585298,14.24858,0 100.58531,14.248686,0 100.585323,14.248791,0 100.585337,14.248897,0 100.585351,14.249002,0 100.585366,14.249108,0 100.585381,14.249214,0 100.585396,14.24932,0 100.585409,14.249426,0 100.585423,14.249542,0 100.585436,14.249647,0 100.58545,14.249762,0 100.585464,14.249877,0 100.585478,14.249992,0 100.585491,14.250107,0 100.585505,14.250222,0 100.585518,14.250338,0 100.58553,14.250443,0 100.585542,14.250548,0 100.585554,14.250654,0 100.585568,14.250769,0 100.585583,14.250884,0 100.585596,14.250992,0 100.585611,14.251107,0 100.585626,14.251222,0 100.585642,14.251336,0 100.585658,14.251451,0 100.585674,14.251566,0 100.585689,14.251681,0 100.585703,14.251786,0 100.585716,14.251892,0 100.58573,14.252007,0 100.585742,14.252113,0 100.585754,14.25222,0 100.585767,14.252335,0 100.58578,14.25245,0 100.585793,14.252565,0 100.585806,14.252681,0 100.58582,14.252796,0 100.585833,14.252911,0 100.585846,14.253026,0 100.585859,14.253131,0 100.585873,14.253246,0 100.585888,14.25336,0 100.585903,14.253473,0 100.585919,14.253588,0 100.585936,14.253702,0 100.585951,14.253817,0 100.585967,14.253932,0 100.585981,14.254038,0 100.585996,14.254153,0 100.58601,14.254258,0 100.586025,14.254373,0 100.586039,14.254487,0 100.586053,14.254598,0 100.586066,14.254713,0 100.586079,14.254829,0 100.586091,14.254935,0 100.586103,14.25505,0 100.586116,14.255165,0 100.586129,14.25528,0 100.586142,14.255396,0 100.586148,14.255444,0 100.586155,14.255511,0 100.586169,14.255626,0 100.586183,14.255741,0 100.586198,14.255855,0 100.586198,14.255856,0 100.586212,14.255971,0 100.586227,14.256086,0 100.586241,14.256192,0 100.586256,14.256307,0 100.586272,14.256422,0 100.586287,14.256537,0 100.586301,14.256645,0 100.586315,14.25676,0 100.586328,14.256875,0 100.58634,14.256981,0 100.586353,14.257096,0 100.586365,14.257212,0 100.586377,14.257327,0 100.586389,14.257442,0 100.586401,14.257558,0 100.586413,14.257673,0 100.586425,14.257778,0 100.586438,14.257884,0 100.58645,14.257989,0 100.586465,14.258104,0 100.58648,14.258219,0 100.586494,14.258334,0 100.586509,14.258449,0 100.586523,14.258555,0 100.586537,14.25867,0 100.586549,14.258777,0 100.586561,14.258878,0 100.586574,14.258994,0 100.586585,14.259099,0 100.586597,14.259214,0 100.586609,14.25933,0 100.586621,14.259438,0 100.586632,14.259553,0 100.586644,14.259669,0 100.586657,14.259783,0 100.586668,14.259889,0 100.586672,14.259927,0 100.586684,14.260042,0 100.586697,14.260157,0 100.58671,14.260272,0 100.586725,14.260386,0 100.58674,14.260501,0 100.586755,14.260616,0 100.586769,14.260731,0 100.586779,14.260822,0 100.586785,14.260886,0 100.586791,14.260943,0 100.586806,14.261051,0 100.586814,14.26111,0 100.586825,14.261182,0 100.586842,14.261296,0 100.586856,14.261401,0 100.58687,14.261516,0 100.586883,14.261622,0 100.586897,14.261737,0 100.58691,14.261852,0 100.586922,14.261958,0 100.586933,14.262049,0 100.586936,14.262078,0 100.586949,14.262183,0 100.586962,14.262298,0 100.586975,14.262414,0 100.586989,14.262529,0 100.587004,14.262644,0 100.587008,14.262681,0 100.587022,14.262787,0 100.587039,14.262902,0 100.587055,14.263016,0 100.58707,14.263131,0 100.587083,14.263237,0 100.587097,14.263352,0 100.587111,14.263467,0 100.587123,14.263572,0 100.587138,14.263687,0 100.587151,14.263801,0 100.587165,14.263916,0 100.587179,14.264031,0 100.587193,14.264146,0 100.587206,14.264262,0 100.587219,14.264374,0 100.587232,14.264488,0 100.587245,14.264603,0 100.587259,14.264714,0 100.587274,14.264824,0 100.587282,14.264883,0 100.58729,14.26494,0 100.587301,14.26501,0 100.587311,14.265086,0 100.58732,14.265142,0 100.587324,14.265165,0 100.587339,14.265264,0 100.587355,14.265377,0 100.58737,14.265484,0 100.587385,14.265598,0 100.587401,14.265712,0 100.587416,14.265826,0 100.587432,14.26594,0 100.587446,14.266054,0 100.587461,14.266168,0 100.587476,14.266282,0 100.58749,14.266396,0 100.587505,14.26651,0 100.587519,14.266623,0 100.587533,14.266737,0 100.587546,14.266843,0 100.587561,14.266957,0 100.587574,14.267064,0 100.587588,14.267178,0 100.587603,14.267292,0 100.587619,14.267406,0 100.587635,14.26752,0 100.587651,14.267625,0 100.587667,14.267738,0 100.587683,14.267852,0 100.587699,14.267966,0 100.587714,14.26808,0 100.58773,14.268194,0 100.587744,14.268308,0 100.587758,14.268422,0 100.587772,14.268536,0 100.587784,14.26864,0 100.587798,14.268754,0 100.587811,14.268868,0 100.587823,14.268982,0 100.587835,14.269097,0 100.587845,14.269204,0 100.587856,14.269319,0 100.587866,14.269426,0 100.587877,14.26954,0 100.587889,14.269655,0 100.5879,14.26976,0 100.587912,14.269874,0 100.587925,14.269989,0 100.587937,14.270103,0 100.587949,14.270217,0 100.587961,14.270332,0 100.587972,14.270446,0 100.587983,14.27056,0 100.587994,14.270673,0 100.588005,14.270787,0 100.588015,14.270902,0 100.588025,14.271016,0 100.588036,14.27113,0 100.588047,14.271245,0 100.588058,14.271359,0 100.588067,14.271464,0 100.588077,14.271578,0 100.588088,14.271693,0 100.588098,14.2718,0 100.588109,14.271914,0 100.588121,14.272029,0 100.588134,14.272143,0 100.588147,14.272258,0 100.588159,14.272372,0 100.588172,14.272487,0 100.588185,14.272602,0 100.5882,14.272716,0 100.588202,14.272733,0 100.588216,14.272823,0 100.588232,14.272938,0 100.588234,14.272959,0 100.588244,14.273062,0 100.588255,14.273177,0 100.588267,14.273291,0 100.588279,14.273403,0 100.588292,14.273516,0 100.588305,14.27363,0 100.588314,14.273733,0 100.588321,14.273827,0 100.588327,14.273893,0 100.588339,14.274008,0 100.588352,14.274122,0 100.588365,14.274227,0 100.588378,14.274331,0 100.588393,14.274446,0 100.588408,14.274551,0 100.588426,14.274665,0 100.588443,14.274779,0 100.588461,14.274893,0 100.588477,14.275007,0 100.588491,14.275122,0 100.588503,14.275228,0 100.588504,14.275234,0 100.588506,14.275248,0 100.588516,14.275332,0 100.588531,14.275446,0 100.588545,14.275561,0 100.588557,14.275676,0 100.588569,14.27579,0 100.588581,14.275905,0 100.588593,14.27602,0 100.588605,14.276125,0 100.588618,14.276239,0 100.588631,14.276354,0 100.588644,14.276468,0 100.588658,14.276576,0 100.588672,14.27668,0 100.588688,14.276794,0 100.588703,14.276901,0 100.588717,14.277016,0 100.588728,14.277107,0 100.58874,14.277222,0 100.58875,14.277336,0 100.588758,14.277444,0 100.588766,14.277559,0 100.588772,14.277674,0 100.588776,14.27778,0 100.588778,14.277895,0 100.588779,14.27801,0 100.588778,14.278125,0 100.588776,14.27824,0 100.588771,14.278348,0 100.588765,14.278454,0 100.588756,14.278569,0 100.588744,14.278684,0 100.588731,14.278799,0 100.588718,14.278906,0 100.588714,14.278942,0 100.588698,14.279055,0 100.588691,14.279101,0 100.588676,14.279215,0 100.58866,14.279329,0 100.588644,14.279443,0 100.588628,14.279558,0 100.588612,14.279672,0 100.588598,14.279779,0 100.588583,14.279894,0 100.588568,14.280008,0 100.588553,14.280122,0 100.588537,14.280236,0 100.588522,14.28035,0 100.588508,14.280465,0 100.588495,14.280579,0 100.588483,14.280694,0 100.588469,14.280809,0 100.588456,14.280922,0 100.588443,14.28103,0 100.58843,14.281144,0 100.588415,14.281258,0 100.588399,14.281373,0 100.588382,14.281487,0 100.588366,14.281601,0 100.588349,14.281715,0 100.588333,14.28183,0 100.588317,14.281944,0 100.588301,14.282058,0 100.588287,14.282173,0 100.588274,14.282288,0 100.588261,14.282402,0 100.58825,14.28251,0 100.588238,14.282618,0 100.588226,14.282732,0 100.588233,14.282848,0 100.588238,14.28287,0 100.588247,14.282967,0 100.588246,14.282977,0 100.588243,14.282999,0 100.588243,14.283,0 100.588243,14.283004,0 100.588242,14.283008,0 100.588242,14.283013,0 100.588241,14.283016,0 100.588241,14.283018,0 100.58824,14.283029,0 100.588226,14.283127,0 100.588211,14.283229,0 100.588175,14.28333,0 100.588156,14.283366,0 100.588124,14.283478,0 100.588115,14.283536,0 100.588098,14.283643,0 100.588081,14.283758,0 100.588067,14.283862,0 100.588053,14.283967,0 100.58804,14.284082,0 100.588028,14.284188,0 100.588015,14.284303,0 100.588003,14.284418,0 100.58799,14.284533,0 100.587977,14.284648,0 100.587963,14.284762,0 100.587949,14.284877,0 100.587935,14.284991,0 100.58792,14.285106,0 100.587906,14.28521,0 100.587891,14.285325,0 100.587876,14.285439,0 100.587861,14.285553,0 100.587846,14.285668,0 100.587831,14.285782,0 100.587816,14.285897,0 100.5878,14.286011,0 100.587785,14.286126,0 100.58777,14.28624,0 100.587756,14.286355,0 100.587742,14.28647,0 100.587729,14.286584,0 100.587716,14.2867,0 100.587705,14.286805,0 100.587694,14.28691,0 100.587682,14.287025,0 100.587669,14.28714,0 100.587656,14.287254,0 100.587643,14.287369,0 100.58763,14.287484,0 100.587618,14.2876,0 100.587605,14.287714,0 100.587594,14.287821,0 100.587582,14.287927,0 100.587568,14.288042,0 100.587554,14.288156,0 100.587541,14.288271,0 100.587527,14.288386,0 100.587515,14.288491,0 100.587502,14.288606,0 100.587489,14.288721,0 100.587478,14.288826,0 100.587466,14.288941,0 100.587455,14.289056,0 100.587445,14.289165,0 100.587434,14.28928,0 100.587422,14.289395,0 100.587411,14.28951,0 100.587399,14.289625,0 100.587388,14.28974,0 100.587376,14.289855,0 100.587364,14.28997,0 100.587353,14.290075,0 100.587342,14.29018,0 100.587328,14.290295,0 100.587315,14.290409,0 100.587301,14.290523,0 100.587287,14.290638,0 100.587274,14.290753,0 100.587261,14.290858,0 100.587248,14.290973,0 100.587235,14.291088,0 100.587224,14.291203,0 100.587211,14.291318,0 100.587199,14.291433,0 100.587186,14.291548,0 100.587174,14.291663,0 100.587161,14.291778,0 100.587149,14.291892,0 100.587136,14.292008,0 100.587125,14.292115,0 100.587113,14.292221,0 100.5871,14.292335,0 100.587087,14.292446,0 100.587073,14.29256,0 100.587058,14.292675,0 100.587043,14.29279,0 100.587029,14.292905,0 100.587016,14.293011,0 100.587004,14.293116,0 100.586993,14.293223,0 100.586981,14.293338,0 100.58697,14.293454,0 100.586959,14.293562,0 100.586948,14.293678,0 100.586938,14.293793,0 100.586927,14.293908,0 100.586915,14.294024,0 100.586903,14.294139,0 100.586891,14.294248,0 100.586878,14.294363,0 100.586864,14.294478,0 100.58685,14.294594,0 100.586836,14.294706,0 100.586822,14.294821,0 100.586807,14.294937,0 100.586793,14.295052,0 100.586779,14.295167,0 100.586765,14.295282,0 100.586751,14.295394,0 100.586738,14.29551,0 100.586724,14.295625,0 100.586712,14.29574,0 100.5867,14.295855,0 100.586688,14.295971,0 100.586676,14.296086,0 100.586664,14.296201,0 100.586652,14.296317,0 100.586639,14.296432,0 100.586628,14.296538,0 100.586616,14.296645,0 100.586605,14.296752,0 100.586592,14.296867,0 100.586578,14.296982,0 100.586564,14.297097,0 100.58655,14.297213,0 100.586536,14.297328,0 100.586522,14.297443,0 100.586507,14.297558,0 100.586492,14.297673,0 100.586477,14.297788,0 100.586464,14.297894,0 100.586451,14.298009,0 100.586437,14.298124,0 100.586424,14.29824,0 100.586411,14.298355,0 100.586399,14.29847,0 100.586386,14.298586,0 100.586374,14.298694,0 100.586361,14.298809,0 100.586348,14.298925,0 100.586334,14.29904,0 100.58632,14.299155,0 100.586306,14.29927,0 100.586292,14.299385,0 100.586277,14.299501,0 100.586263,14.299616,0 100.586248,14.299731,0 100.586233,14.299846,0 100.586219,14.299961,0 100.586204,14.300077,0 100.586191,14.300192,0 100.586178,14.300307,0 100.586166,14.300422,0 100.586154,14.300538,0 100.586143,14.300644,0 100.58613,14.300759,0 100.586117,14.300874,0 100.586103,14.30099,0 100.58609,14.301105,0 100.586078,14.301219,0 100.586074,14.301263,0 100.586061,14.301377,0 100.586049,14.301492,0 100.586036,14.301606,0 100.586024,14.301712,0 100.586009,14.301827,0 100.585995,14.301932,0 100.585979,14.302047,0 100.585963,14.302162,0 100.585948,14.302276,0 100.585932,14.302391,0 100.585917,14.302499,0 100.585903,14.302614,0 100.585889,14.302729,0 100.585876,14.302845,0 100.585864,14.302954,0 100.585852,14.30307,0 100.58584,14.303185,0 100.585828,14.3033,0 100.585814,14.303416,0 100.585802,14.30353,0 100.585802,14.303531,0 100.585789,14.303646,0 100.585778,14.303752,0 100.585766,14.303868,0 100.585752,14.303983,0 100.585737,14.304098,0 100.585722,14.304214,0 100.585709,14.304319,0 100.585697,14.304426,0 100.585684,14.304542,0 100.585671,14.304656,0 100.585658,14.304772,0 100.585644,14.304888,0 100.585631,14.305003,0 100.585619,14.305119,0 100.585607,14.305234,0 100.585596,14.30535,0 100.585586,14.305456,0 100.585576,14.305562,0 100.585564,14.305678,0 100.585552,14.305793,0 100.585539,14.305909,0 100.585526,14.306024,0 100.585511,14.30614,0 100.585496,14.306255,0 100.585482,14.306371,0 100.585466,14.306486,0 100.585451,14.306601,0 100.585435,14.306716,0 100.585419,14.306831,0 100.585403,14.306946,0 100.585387,14.307062,0 100.585371,14.307177,0 100.585355,14.307292,0 100.585342,14.307407,0 100.585329,14.307523,0 100.585317,14.307638,0 100.585306,14.307754,0 100.585295,14.30787,0 100.585283,14.307986,0 100.585271,14.308101,0 100.58526,14.308207,0 100.585248,14.308323,0 100.585234,14.308438,0 100.585219,14.308553,0 100.585204,14.308667,0 100.58519,14.308781,0 100.585175,14.308896,0 100.58516,14.309012,0 100.585146,14.309121,0 100.585131,14.309236,0 100.585117,14.309351,0 100.585103,14.309466,0 100.585088,14.309581,0 100.585075,14.309696,0 100.585061,14.309812,0 100.585048,14.309928,0 100.585035,14.310043,0 100.585024,14.310149,0 100.585013,14.310264,0 100.585002,14.310368,0 100.584989,14.310479,0 100.584976,14.310594,0 100.584961,14.310708,0 100.584947,14.310822,0 100.584933,14.310936,0 100.58492,14.31105,0 100.584907,14.311164,0 100.584894,14.311279,0 100.58488,14.311393,0 100.584867,14.3115,0 100.584854,14.311608,0 100.584839,14.311722,0 100.584825,14.311836,0 100.584811,14.311951,0 100.584798,14.312065,0 100.584786,14.31218,0 100.584775,14.312288,0 100.584764,14.312395,0 100.584754,14.31251,0 100.584742,14.312625,0 100.584731,14.312739,0 100.584719,14.312854,0 100.584707,14.312969,0 100.584694,14.313083,0 100.584682,14.313191,0 100.584669,14.313305,0 100.584655,14.31342,0 100.584642,14.313534,0 100.584628,14.313646,0 100.584615,14.313754,0 100.584601,14.313868,0 100.584586,14.313982,0 100.584572,14.314096,0 100.584557,14.314211,0 100.584544,14.314316,0 100.58453,14.314431,0 100.584517,14.314545,0 100.584505,14.31466,0 100.584493,14.314774,0 100.584481,14.314889,0 100.58447,14.315003,0 100.584459,14.315118,0 100.584448,14.315232,0 100.584435,14.315346,0 100.584421,14.315459,0 100.584421,14.315461,0 100.584407,14.315575,0 100.584393,14.315689,0 100.584378,14.315804,0 100.584364,14.315918,0 100.584349,14.316032,0 100.584336,14.316136,0 100.58432,14.316251,0 100.584306,14.316355,0 100.584291,14.316468,0 100.584277,14.316582,0 100.584264,14.316697,0 100.584251,14.316811,0 100.584239,14.316926,0 100.584228,14.31704,0 100.584216,14.317155,0 100.584203,14.317269,0 100.584189,14.317383,0 100.584174,14.317497,0 100.58416,14.317605,0 100.584147,14.317719,0 100.584133,14.317833,0 100.584119,14.317948,0 100.584105,14.318062,0 100.584091,14.318176,0 100.584077,14.318291,0 100.584063,14.318405,0 100.584049,14.318518,0 100.584036,14.318626,0 100.584022,14.318732,0 100.584008,14.318848,0 100.583995,14.318964,0 100.583984,14.31907,0 100.583973,14.319176,0 100.583961,14.319292,0 100.583951,14.319402,0 100.583941,14.319518,0 100.58393,14.319634,0 100.583918,14.31975,0 100.583904,14.319866,0 100.58389,14.319981,0 100.583876,14.320097,0 100.583861,14.320212,0 100.583847,14.320328,0 100.583833,14.320444,0 100.583818,14.320556,0 100.583804,14.32067,0 100.583789,14.320785,0 100.583774,14.320901,0 100.58376,14.321016,0 100.583745,14.321131,0 100.583731,14.321247,0 100.583717,14.321362,0 100.583704,14.321475,0 100.58369,14.321591,0 100.583676,14.321707,0 100.583664,14.321823,0 100.583651,14.321938,0 100.583639,14.322053,0 100.583626,14.322169,0 100.583613,14.322285,0 100.583601,14.322391,0 100.583587,14.322507,0 100.583573,14.322623,0 100.583558,14.322738,0 100.583544,14.322854,0 100.58353,14.32297,0 100.583516,14.323086,0 100.583503,14.323192,0 100.583488,14.323307,0 100.583474,14.323413,0 100.583457,14.323529,0 100.583441,14.323644,0 100.583425,14.323759,0 100.58341,14.323875,0 100.583396,14.323991,0 100.583384,14.3241,0 100.583372,14.324216,0 100.58336,14.324332,0 100.583347,14.324447,0 100.583333,14.324563,0 100.583319,14.324679,0 100.583306,14.324788,0 100.583292,14.324904,0 100.583277,14.325019,0 100.583262,14.325135,0 100.583248,14.325251,0 100.583236,14.325367,0 100.583222,14.325482,0 100.583207,14.325595,0 100.583192,14.32571,0 100.583177,14.325849,0 100.583174,14.325965,0 100.58317,14.326073,0 100.583162,14.326189,0 100.583135,14.326303,0 100.583111,14.326421,0 100.583096,14.326514,0 100.583084,14.32663,0 100.583072,14.326746,0 100.583061,14.326853,0 100.58305,14.326962,0 100.583037,14.327078,0 100.583024,14.327194,0 100.583011,14.32731,0 100.582998,14.327426,0 100.582987,14.327542,0 100.582976,14.327648,0 100.582963,14.327764,0 100.582949,14.32788,0 100.582935,14.327982,0 100.582934,14.327995,0 100.582918,14.32811,0 100.582905,14.328216,0 100.582892,14.328322,0 100.582879,14.328428,0 100.582867,14.328544,0 100.582855,14.32866,0 100.582843,14.328776,0 100.582831,14.328892,0 100.582821,14.328998,0 100.582811,14.329105,0 100.582801,14.329213,0 100.58279,14.329329,0 100.582778,14.329438,0 100.582767,14.329544,0 100.582755,14.32966,0 100.582743,14.329768,0 100.58273,14.329884,0 100.582718,14.329999,0 100.582703,14.330115,0 100.582689,14.33023,0 100.582675,14.330346,0 100.582661,14.330462,0 100.582647,14.330578,0 100.582633,14.330694,0 100.582618,14.330809,0 100.582603,14.330925,0 100.582589,14.331041,0 100.582577,14.331149,0 100.582564,14.331263,0 100.582552,14.331378,0 100.58254,14.331492,0 100.582529,14.331602,0 100.582517,14.331717,0 100.582505,14.331831,0 100.582499,14.331888,0 100.582493,14.331946,0 100.58248,14.33206,0 100.582468,14.332174,0 100.582454,14.332288,0 100.582442,14.332402,0 100.58243,14.332515,0 100.582418,14.332629,0 100.582406,14.332743,0 100.582396,14.332858,0 100.582386,14.332972,0 100.582377,14.333077,0 100.582369,14.333192,0 100.582363,14.333307,0 100.582359,14.333421,0 100.582357,14.333536,0 100.582357,14.333651,0 100.582359,14.333766,0 100.582362,14.333877,0 100.582367,14.333991,0 100.582372,14.334106,0 100.582379,14.334221,0 100.582387,14.334336,0 100.582396,14.334443,0 100.582407,14.334551,0 100.582418,14.334658,0 100.582431,14.334772,0 100.582444,14.33488,0 100.582459,14.334994,0 100.582475,14.335108,0 100.582493,14.335221,0 100.582511,14.335325,0 100.582533,14.335438,0 100.582556,14.33555,0 100.582578,14.335657,0 100.582602,14.335769,0 100.582626,14.335882,0 100.582651,14.335994,0 100.582677,14.336106,0 100.582705,14.336218,0 100.58273,14.33632,0 100.582751,14.336402,0 100.582779,14.336514,0 100.582806,14.336625,0 100.582833,14.336737,0 100.58286,14.336849,0 100.582887,14.336961,0 100.582912,14.337074,0 100.582937,14.337186,0 100.582961,14.337296,0 100.582985,14.337409,0 100.583009,14.337522,0 100.583032,14.337634,0 100.583054,14.337737,0 100.583078,14.33785,0 100.583101,14.337956,0 100.583125,14.338068,0 100.58315,14.33818,0 100.583175,14.338285,0 100.583201,14.338397,0 100.583228,14.338509,0 100.583255,14.338621,0 100.583281,14.338733,0 100.583308,14.338846,0 100.583332,14.338953,0 100.583358,14.339065,0 100.583381,14.339168,0 100.583405,14.33928,0 100.58343,14.339393,0 100.583454,14.339505,0 100.583479,14.339618,0 100.583503,14.33973,0 100.583527,14.339843,0 100.58355,14.339956,0 100.583574,14.340068,0 100.583599,14.340181,0 100.583623,14.340293,0 100.583647,14.340405,0 100.583672,14.340517,0 100.583686,14.34058,0 100.58371,14.340692,0 100.583735,14.340804,0 100.583761,14.340916,0 100.583787,14.341028,0 100.583812,14.34114,0 100.583838,14.341252,0 100.583863,14.341364,0 100.583888,14.341477,0 100.583912,14.341589,0 100.583936,14.341701,0 100.58396,14.341805,0 100.583985,14.341918,0 100.584011,14.34203,0 100.58404,14.342141,0 100.584071,14.342253,0 100.584103,14.342363,0 100.584134,14.342474,0 100.584164,14.342584,0 100.584194,14.342695,0 100.584225,14.342806,0 100.584257,14.342917,0 100.584259,14.342927,0 100.584268,14.342972,0 100.584274,14.343002,0 100.584276,14.343014,0 100.584276,14.343015,0 100.584277,14.343018,0 100.584278,14.343023,0 100.584279,14.343028,0 100.584279,14.34303,0 100.58428,14.343032,0 100.584282,14.343048,0 100.584284,14.343054,0 100.584292,14.3431,0 100.584313,14.343212,0 100.584333,14.343324,0 100.584352,14.343437,0 100.584373,14.343549,0 100.584385,14.34359,0 100.58441,14.343663,0 100.584424,14.343706,0 100.58445,14.34381,0 100.584474,14.343921,0 100.584498,14.344033,0 100.584521,14.344144,0 100.584544,14.344254,0 100.584564,14.344357,0 100.584586,14.344469,0 100.584608,14.344581,0 100.584627,14.344686,0 100.584644,14.344799,0 100.584658,14.344912,0 100.584668,14.345024,0 100.58467,14.345047,0 100.584678,14.345133,0 100.584684,14.345247,0 100.584688,14.34536,0 100.584686,14.345464,0 100.584684,14.345578,0 100.584684,14.345692,0 100.584686,14.345806,0 100.584686,14.34592,0 100.584684,14.346034,0 100.584678,14.346147,0 100.584671,14.346261,0 100.584662,14.346374,0 100.58465,14.346488,0 100.584636,14.3466,0 100.584617,14.346713,0 100.584596,14.346825,0 100.584573,14.346936,0 100.584546,14.347047,0 100.584516,14.347157,0 100.584487,14.34726,0 100.584464,14.347336,0 100.584432,14.347445,0 100.584403,14.347546,0 100.584369,14.347656,0 100.58435,14.347715,0 100.584313,14.347823,0 100.58428,14.347928,0 100.58427,14.347962,0 100.584236,14.348064,0 100.584221,14.34811,0 100.584205,14.348174,0 100.584175,14.348284,0 100.584155,14.348355,0 100.584123,14.348465,0 100.584093,14.348575,0 100.584067,14.348679,0 100.584039,14.34879,0 100.58401,14.3489,0 100.583981,14.34901,0 100.583951,14.349121,0 100.583921,14.349231,0 100.583892,14.349341,0 100.583864,14.349452,0 100.583834,14.349562,0 100.583805,14.349672,0 100.583777,14.349776,0 100.583747,14.349886,0 100.583717,14.349996,0 100.58369,14.350099,0 100.583661,14.35021,0 100.583633,14.35032,0 100.583607,14.350432,0 100.583599,14.350466,0 100.583572,14.350577,0 100.583548,14.350688,0 100.583524,14.3508,0 100.583498,14.350911,0 100.58347,14.351022,0 100.583441,14.351132,0 100.583413,14.351242,0 100.583387,14.351354,0 100.583362,14.351465,0 100.583345,14.351543,0 100.583333,14.351599,0 100.583323,14.351644,0 100.583311,14.351705,0 100.583288,14.351817,0 100.583265,14.351928,0 100.583242,14.35204,0 100.58322,14.352152,0 100.583198,14.352264,0 100.583182,14.352341,0 100.583156,14.352452,0 100.583136,14.35253,0 100.583135,14.352552,0 100.583135,14.352571,0 100.58314,14.352592,0 100.583163,14.352694,0 100.58318,14.352782,0 100.583197,14.352873,0 100.583197,14.352879,0 100.583189,14.352958,0 100.583158,14.353068,0 100.583157,14.353071,0 100.583155,14.353077,0 100.583155,14.353078,0 100.583123,14.353183,0 100.583091,14.353288,0 100.583057,14.3534,0 100.583023,14.353512,0 100.58299,14.353624,0 100.582961,14.35372,0 100.582946,14.353812,0 100.582943,14.353844,0 100.582938,14.353959,0 100.582936,14.354069,0 100.582936,14.354134,0 100.582933,14.354238,0 100.582927,14.354356,0 100.582921,14.354472,0 100.582915,14.354581,0 100.582911,14.354697,0 100.582904,14.354814,0 100.582898,14.35493,0 100.58289,14.355047,0 100.582882,14.355163,0 100.582874,14.35528,0 100.582873,14.355292,0 100.582867,14.355402,0 100.582864,14.355519,0 100.582864,14.355636,0 100.582864,14.355753,0 100.582864,14.355853,0 100.582864,14.355861,0 100.582864,14.355866,0 100.582864,14.355868,0 100.582864,14.355869,0 100.582863,14.355986,0 100.582859,14.356103,0 100.582851,14.356219,0 100.582841,14.356329,0 100.58283,14.356445,0 100.582819,14.356561,0 100.582808,14.356678,0 100.582799,14.356787,0 100.582791,14.356904,0 100.582785,14.35702,0 100.58278,14.357137,0 100.582776,14.357253,0 100.582773,14.35737,0 100.582771,14.357487,0 100.58277,14.357603,0 100.582769,14.35772,0 100.582768,14.357837,0 100.58277,14.357954,0 100.582778,14.358034,0 100.582792,14.35815,0 100.582802,14.358266,0 100.582809,14.358373,0 100.582813,14.358449,0 100.582816,14.358556,0 100.582815,14.358672,0 100.582812,14.358782,0 100.582809,14.358899,0 100.582807,14.359016,0 100.582804,14.359133,0 100.582801,14.35925,0 100.582797,14.359366,0 100.582793,14.359483,0 100.582789,14.3596,0 100.582785,14.359717,0 100.582782,14.359834,0 100.582778,14.359951,0 100.582776,14.360067,0 100.582774,14.360184,0 100.582772,14.360301,0 100.58277,14.360418,0 100.582768,14.360534,0 100.582768,14.360651,0 100.582767,14.360759,0 100.582767,14.360876,0 100.582768,14.360986,0 100.582769,14.361103,0 100.582772,14.36122,0 100.582775,14.361337,0 100.58278,14.361453,0 100.582785,14.36157,0 100.582791,14.361676,0 100.582798,14.361793,0 100.582807,14.361909,0 100.582817,14.362025,0 100.582829,14.362142,0 100.582844,14.362258,0 100.58286,14.362363,0 100.582879,14.362479,0 100.582897,14.362585,0 100.582919,14.3627,0 100.582941,14.362814,0 100.582964,14.362929,0 100.582987,14.363044,0 100.583002,14.363116,0 100.583028,14.36323,0 100.583058,14.363336,0 100.583092,14.363449,0 100.583125,14.363554,0 100.58316,14.363666,0 100.583195,14.363778,0 100.583231,14.36389,0 100.583268,14.364001,0 100.583307,14.364112,0 100.583348,14.364221,0 100.583392,14.36433,0 100.583437,14.364439,0 100.583484,14.364547,0 100.583532,14.364654,0 100.583581,14.36476,0 100.583628,14.364858,0 100.58368,14.364961,0 100.583732,14.365065,0 100.583785,14.365168,0 100.583835,14.365264,0 100.583889,14.365366,0 100.58394,14.36546,0 100.58399,14.365554,0 100.584045,14.365657,0 100.584098,14.36576,0 100.58415,14.365864,0 100.584198,14.365967,0 100.584243,14.366074,0 100.58428,14.366173,0 100.584317,14.366282,0 100.584352,14.366392,0 100.584387,14.366503,0 100.584424,14.366612,0 100.584461,14.366712,0 100.584506,14.366819,0 100.584556,14.366924,0 100.584609,14.367027,0 100.584662,14.36713,0 100.584716,14.367233,0 100.584769,14.367336,0 100.584823,14.367438,0 100.584877,14.367541,0 100.58493,14.367644,0 100.584983,14.367747,0 100.585034,14.367844,0 100.585088,14.367946,0 100.585143,14.368049,0 100.585198,14.36815,0 100.58525,14.368244,0 100.585306,14.368346,0 100.585362,14.368448,0 100.585418,14.368549,0 100.585469,14.368642,0 100.585517,14.368727,0 100.585521,14.368735,0 100.585578,14.368836,0 100.585635,14.368937,0 100.585691,14.369039,0 100.585746,14.369141,0 100.585796,14.369234,0 100.58585,14.369336,0 100.585905,14.369439,0 100.585959,14.369542,0 100.586013,14.369644,0 100.586066,14.369745,0 100.586119,14.369847,0 100.586172,14.36995,0 100.586224,14.370054,0 100.586272,14.37015,0 100.586321,14.370245,0 100.586373,14.370348,0 100.586425,14.370452,0 100.586476,14.370554,0 100.586529,14.370658,0 100.586578,14.370754,0 100.586582,14.370761,0 100.586632,14.370862,0 100.586684,14.370966,0 100.586734,14.37107,0 100.586784,14.371175,0 100.586832,14.37128,0 100.586878,14.371386,0 100.586921,14.371494,0 100.58696,14.371595,0 100.587,14.371703,0 100.587037,14.371812,0 100.587074,14.371922,0 100.587075,14.371926,0 100.587076,14.371929,0 100.587108,14.372032,0 100.587142,14.372143,0 100.587174,14.372254,0 100.587206,14.372365,0 100.587237,14.372476,0 100.587269,14.372588,0 100.587289,14.372659,0 100.587322,14.372769,0 100.587353,14.372873,0 100.587385,14.372984,0 100.587407,14.373098,0 100.587425,14.373212,0 100.58743,14.373238,0 100.58745,14.373352,0 100.587469,14.373466,0 100.587486,14.373572,0 100.587494,14.373621,0 100.587511,14.373726,0 100.58753,14.373832,0 100.58755,14.373937,0 100.587572,14.37405,0 100.587596,14.374163,0 100.58762,14.374276,0 100.587645,14.374388,0 100.587668,14.374494,0 100.58769,14.374598,0 100.587713,14.374711,0 100.587737,14.374824,0 100.587759,14.37493,0 100.587782,14.375044,0 100.587807,14.375156,0 100.587831,14.375269,0 100.587856,14.375382,0 100.587881,14.375494,0 100.587907,14.375606,0 100.587933,14.375718,0 100.587958,14.375831,0 100.587984,14.375944,0 100.58801,14.376057,0 100.588033,14.376161,0 100.588057,14.376268,0 100.588083,14.37638,0 100.58811,14.376493,0 100.58814,14.376604,0 100.588171,14.376716,0 100.588203,14.376826,0 100.588206,14.376837,0 100.588239,14.376948,0 100.588271,14.377059,0 100.588305,14.37717,0 100.588342,14.37728,0 100.588381,14.377389,0 100.588421,14.377498,0 100.588464,14.377606,0 100.588508,14.377713,0 100.588553,14.37782,0 100.5886,14.377926,0 100.588649,14.378031,0 100.5887,14.378135,0 100.588753,14.378239,0 100.588805,14.378338,0 100.58886,14.37844,0 100.588918,14.378541,0 100.588973,14.378635,0 100.589034,14.378734,0 100.589092,14.378827,0 100.589153,14.378924,0 100.589216,14.379022,0 100.58928,14.379119,0 100.589345,14.379216,0 100.589411,14.379312,0 100.589479,14.379407,0 100.589548,14.379502,0 100.589617,14.379595,0 100.589688,14.379688,0 100.58976,14.37978,0 100.58983,14.379865,0 100.589905,14.379954,0 100.589982,14.380042,0 100.590059,14.380127,0 100.590138,14.380213,0 100.590218,14.380299,0 100.590298,14.380384,0 100.590379,14.380468,0 100.59046,14.380551,0 100.590545,14.380633,0 100.59063,14.380713,0 100.590716,14.380792,0 100.590802,14.380872,0 100.590889,14.38095,0 100.590976,14.381029,0 100.591063,14.381107,0 100.591151,14.381184,0 100.591241,14.38126,0 100.591332,14.381334,0 100.591424,14.381407,0 100.591517,14.381479,0 100.591611,14.381549,0 100.591706,14.381619,0 100.591802,14.381687,0 100.591835,14.38171,0 100.591899,14.381753,0 100.591997,14.381818,0 100.592096,14.381881,0 100.592196,14.381943,0 100.592289,14.381998,0 100.592391,14.382056,0 100.592493,14.382114,0 100.59259,14.382168,0 100.592693,14.382224,0 100.592797,14.38228,0 100.592901,14.382335,0 100.593006,14.38239,0 100.59311,14.382444,0 100.593214,14.382499,0 100.593317,14.382553,0 100.593421,14.382608,0 100.593525,14.382663,0 100.59363,14.382718,0 100.593734,14.382773,0 100.593838,14.382827,0 100.593943,14.382881,0 100.594042,14.382932,0 100.594125,14.382973,0 100.594223,14.383019,0 100.594328,14.38307,0 100.594434,14.383122,0 100.594465,14.383138,0 100.594569,14.383194,0 100.594672,14.383251,0 100.594776,14.383307,0 100.594886,14.383334,0 100.594908,14.383335,0 100.595014,14.383364,0 100.59502,14.383367,0 100.595038,14.383376,0 100.595039,14.383376,0 100.595042,14.383378,0 100.595046,14.38338,0 100.595051,14.383383,0 100.595053,14.383384,0 100.595055,14.383385,0 100.595076,14.383396,0 100.595083,14.383399,0 100.595171,14.38346,0 100.595261,14.383526,0 100.595355,14.383595,0 100.59543,14.383644,0 100.595482,14.383672,0 100.595578,14.383721,0 100.595682,14.383775,0 100.595787,14.383829,0 100.595891,14.383882,0 100.595996,14.383936,0 100.596101,14.38399,0 100.596206,14.384044,0 100.596311,14.384097,0 100.596417,14.38415,0 100.596522,14.384202,0 100.596628,14.384254,0 100.596733,14.384307,0 100.596832,14.384358,0 100.59693,14.384408,0 100.597029,14.384458,0 100.597135,14.384511,0 100.59724,14.384564,0 100.597344,14.384618,0 100.59744,14.384668,0 100.597544,14.384723,0 100.597623,14.384766,0 100.597648,14.384779,0 100.597743,14.38483,0 100.597838,14.384881,0 100.597933,14.384932,0 100.598037,14.384988,0 100.598141,14.385044,0 100.598238,14.385094,0 100.598333,14.385145,0 100.598429,14.385195,0 100.598533,14.38525,0 100.598638,14.385304,0 100.598734,14.385354,0 100.598839,14.385408,0 100.598944,14.385462,0 100.599049,14.385516,0 100.599145,14.385564,0 100.599241,14.385613,0 100.599346,14.385667,0 100.599451,14.38572,0 100.599556,14.385775,0 100.599651,14.385825,0 100.599755,14.38588,0 100.599851,14.38593,0 100.599955,14.385985,0 100.600059,14.38604,0 100.600163,14.386096,0 100.600262,14.386148,0 100.60036,14.3862,0 100.600458,14.386251,0 100.600563,14.386306,0 100.600667,14.38636,0 100.600772,14.386414,0 100.600877,14.386468,0 100.600975,14.386519,0 100.601079,14.386574,0 100.601184,14.386628,0 100.601279,14.386677,0 100.601356,14.386717,0 100.601439,14.386777,0 100.601477,14.38684,0 100.601517,14.386911,0 100.601574,14.38696,0 100.601677,14.387019,0 100.601781,14.387074,0 100.601886,14.387128,0 100.60199,14.387183,0 100.602095,14.387237,0 100.6022,14.387291,0 100.602305,14.387344,0 100.602409,14.387395,0 100.602516,14.387447,0 100.602616,14.387494,0 100.602652,14.387492,0 100.602674,14.387487,0 100.602749,14.387481,0 100.602821,14.387506,0 100.602914,14.387552,0 100.603018,14.387606,0 100.603118,14.387656,0 100.603223,14.387709,0 100.603328,14.387762,0 100.603434,14.387815,0 100.603539,14.387869,0 100.603644,14.387923,0 100.603742,14.387974,0 100.603847,14.388028,0 100.603946,14.38808,0 100.603954,14.388084,0 100.604047,14.388133,0 100.604152,14.388188,0 100.604255,14.388243,0 100.60436,14.388298,0 100.604464,14.388354,0 100.604568,14.388409,0 100.604672,14.388465,0 100.604772,14.388519,0 100.604877,14.388574,0 100.604981,14.388629,0 100.605086,14.388684,0 100.60519,14.388738,0 100.605295,14.388792,0 100.605401,14.388846,0 100.605506,14.388899,0 100.605602,14.388948,0 100.605699,14.388996,0 100.605804,14.389049,0 100.60591,14.389103,0 100.606015,14.389157,0 100.60612,14.389211,0 100.606224,14.389266,0 100.606328,14.389321,0 100.606433,14.389376,0 100.606537,14.389432,0 100.606641,14.389487,0 100.606736,14.389538,0 100.606832,14.389588,0 100.606927,14.389639,0 100.607022,14.38969,0 100.607126,14.389745,0 100.607222,14.389795,0 100.607327,14.389849,0 100.607433,14.389902,0 100.607529,14.389951,0 100.607626,14.389999,0 100.607731,14.390052,0 100.607828,14.390101,0 100.607933,14.390154,0 100.608038,14.390208,0 100.608144,14.390261,0 100.608249,14.390315,0 100.608353,14.39037,0 100.608458,14.390425,0 100.608562,14.390481,0 100.608666,14.390536,0 100.60877,14.390592,0 100.608867,14.390644,0 100.608972,14.3907,0 100.609066,14.390751,0 100.60917,14.390806,0 100.609275,14.390862,0 100.609379,14.390917,0 100.609484,14.390972,0 100.609579,14.391021,0 100.609675,14.391071,0 100.609781,14.391125,0 100.609886,14.391178,0 100.609991,14.391231,0 100.610087,14.391281,0 100.610183,14.39133,0 100.610282,14.391382,0 100.610376,14.391432,0 100.610382,14.391435,0 100.610472,14.391482,0 100.610576,14.391538,0 100.61068,14.391593,0 100.610778,14.391646,0 100.610873,14.391696,0 100.610977,14.391752,0 100.611072,14.391803,0 100.611168,14.391854,0 100.611271,14.39191,0 100.611375,14.391965,0 100.611471,14.392016,0 100.611566,14.392066,0 100.611671,14.392121,0 100.611776,14.392175,0 100.611872,14.392224,0 100.611977,14.392278,0 100.612074,14.392328,0 100.612179,14.392382,0 100.612284,14.392437,0 100.61238,14.392488,0 100.612484,14.392543,0 100.612589,14.392598,0 100.612692,14.392654,0 100.612698,14.392657,0 100.612797,14.39271,0 100.612901,14.392765,0 100.613005,14.392821,0 100.61311,14.392876,0 100.613214,14.392932,0 100.613318,14.392987,0 100.613423,14.393042,0 100.613527,14.393098,0 100.613625,14.39315,0 100.61373,14.393204,0 100.613835,14.393257,0 100.613941,14.393309,0 100.614046,14.393362,0 100.614075,14.393377,0 100.61418,14.393431,0 100.614286,14.393485,0 100.614391,14.393539,0 100.614496,14.393593,0 100.6146,14.393648,0 100.614705,14.393703,0 100.6148,14.393753,0 100.614903,14.393808,0 100.614909,14.393811,0 100.615,14.393862,0 100.615097,14.393916,0 100.615201,14.393973,0 100.615306,14.394029,0 100.61541,14.394085,0 100.615516,14.394139,0 100.615622,14.394193,0 100.615727,14.394247,0 100.615823,14.394297,0 100.61592,14.394346,0 100.616016,14.394395,0 100.616113,14.394444,0 100.616219,14.394498,0 100.616325,14.394551,0 100.616422,14.3946,0 100.616518,14.394649,0 100.616624,14.394703,0 100.61673,14.394757,0 100.616826,14.394807,0 100.61693,14.394862,0 100.617034,14.394916,0 100.617138,14.394972,0 100.617243,14.395028,0 100.617348,14.395083,0 100.617453,14.395138,0 100.617557,14.395193,0 100.617662,14.395248,0 100.617758,14.395299,0 100.617854,14.395348,0 100.617951,14.395398,0 100.618056,14.395451,0 100.618153,14.3955,0 100.618259,14.395553,0 100.618365,14.395606,0 100.618471,14.39566,0 100.618577,14.395713,0 100.618673,14.395763,0 100.618778,14.395817,0 100.618884,14.395872,0 100.618988,14.395928,0 100.619093,14.395984,0 100.619198,14.396039,0 100.619302,14.396095,0 100.619407,14.39615,0 100.619511,14.396206,0 100.619616,14.396261,0 100.619713,14.396312,0 100.619818,14.396367,0 100.619923,14.396422,0 100.620028,14.396477,0 100.620134,14.396531,0 100.620239,14.396585,0 100.620338,14.396636,0 100.620437,14.396686,0 100.620543,14.396741,0 100.620647,14.396794,0 100.620752,14.396849,0 100.620857,14.396904,0 100.620962,14.396958,0 100.621058,14.397009,0 100.621163,14.397064,0 100.621259,14.397115,0 100.621357,14.397167,0 100.621462,14.397223,0 100.621557,14.397274,0 100.621661,14.397331,0 100.621765,14.397387,0 100.62186,14.397439,0 100.621956,14.39749,0 100.622052,14.39754,0 100.622158,14.397594,0 100.622263,14.397649,0 100.622368,14.397703,0 100.622468,14.397754,0 100.622567,14.397805,0 100.622664,14.397855,0 100.62277,14.397909,0 100.622866,14.39796,0 100.622971,14.398015,0 100.623076,14.39807,0 100.62318,14.398125,0 100.623284,14.398179,0 100.623295,14.398186,0 100.623382,14.398232,0 100.623487,14.398287,0 100.623588,14.398341,0 100.623693,14.398397,0 100.623797,14.398452,0 100.623902,14.398508,0 100.623999,14.398559,0 100.624094,14.39861,0 100.624199,14.398665,0 100.624304,14.398719,0 100.62441,14.398773,0 100.624509,14.398824,0 100.624615,14.398877,0 100.624721,14.39893,0 100.624824,14.398982,0 100.624929,14.399035,0 100.625034,14.399089,0 100.62512,14.399133,0 100.625132,14.399139,0 100.625224,14.399187,0 100.625328,14.399242,0 100.625432,14.399297,0 100.625527,14.399348,0 100.625622,14.399398,0 100.625725,14.399454,0 100.625829,14.399509,0 100.625933,14.399564,0 100.626037,14.399619,0 100.626134,14.399669,0 100.626238,14.399723,0 100.626343,14.399776,0 100.626448,14.399829,0 100.626547,14.399878,0 100.626653,14.399931,0 100.62675,14.39998,0 100.626832,14.400022,0 100.626854,14.400033,0 100.626959,14.400086,0 100.627064,14.400139,0 100.627169,14.400193,0 100.627274,14.400247,0 100.627369,14.400296,0 100.627473,14.400351,0 100.627578,14.400406,0 100.627673,14.400457,0 100.627768,14.400508,0 100.627871,14.400563,0 100.627967,14.400614,0 100.628071,14.40067,0 100.628175,14.400724,0 100.628279,14.400778,0 100.628384,14.400833,0 100.62848,14.400882,0 100.628577,14.400932,0 100.628682,14.400986,0 100.628786,14.401039,0 100.628891,14.401093,0 100.628996,14.401146,0 100.629092,14.401196,0 100.629196,14.40125,0 100.629293,14.4013,0 100.629397,14.401355,0 100.629494,14.401406,0 100.629598,14.40146,0 100.629702,14.401515,0 100.629798,14.401566,0 100.629899,14.40162,0 100.630003,14.401676,0 100.630106,14.401731,0 100.630211,14.401785,0 100.630315,14.40184,0 100.630412,14.40189,0 100.630516,14.401945,0 100.63062,14.402,0 100.630724,14.402055,0 100.630829,14.402109,0 100.630934,14.402162,0 100.631038,14.402215,0 100.631143,14.402269,0 100.631248,14.402323,0 100.631352,14.402378,0 100.631454,14.402431,0 100.631549,14.402481,0 100.631644,14.402531,0 100.631739,14.402582,0 100.631835,14.402632,0 100.631939,14.402686,0 100.632043,14.402742,0 100.632143,14.402796,0 100.632247,14.402852,0 100.632351,14.402908,0 100.632455,14.402963,0 100.632559,14.403018,0 100.632663,14.403073,0 100.632768,14.403127,0 100.632872,14.403182,0 100.632977,14.403236,0 100.633082,14.40329,0 100.633177,14.403339,0 100.633266,14.403384,0 100.63337,14.403437,0 100.633476,14.40349,0 100.633581,14.403543,0 100.633686,14.403596,0 100.633784,14.403646,0 100.633888,14.403701,0 100.633992,14.403757,0 100.634094,14.403811,0 100.634193,14.403865,0 100.634296,14.403922,0 100.6344,14.403977,0 100.634497,14.404029,0 100.634601,14.404085,0 100.634699,14.404137,0 100.634802,14.404192,0 100.634906,14.404247,0 100.635003,14.404297,0 100.635102,14.404346,0 100.635208,14.404398,0 100.635309,14.404447,0 100.635414,14.4045,0 100.63551,14.404548,0 100.635606,14.404597,0 100.635711,14.40465,0 100.635817,14.404703,0 100.635915,14.404753,0 100.63602,14.404807,0 100.636125,14.40486,0 100.636226,14.404913,0 100.636331,14.404968,0 100.636435,14.405022,0 100.636539,14.405077,0 100.636644,14.405132,0 100.636748,14.405186,0 100.636852,14.405241,0 100.636956,14.405296,0 100.63706,14.40535,0 100.637165,14.405404,0 100.63727,14.405457,0 100.637376,14.405509,0 100.637473,14.405558,0 100.637579,14.40561,0 100.637684,14.405663,0 100.637789,14.405717,0 100.637894,14.405771,0 100.637998,14.405825,0 100.638102,14.40588,0 100.638206,14.405935,0 100.63831,14.405991,0 100.638408,14.406043,0 100.638512,14.406098,0 100.638615,14.406154,0 100.638719,14.406209,0 100.638823,14.406264,0 100.638927,14.40632,0 100.639031,14.406374,0 100.639135,14.406429,0 100.63924,14.406484,0 100.639338,14.406534,0 100.639443,14.406588,0 100.639548,14.406641,0 100.639654,14.406693,0 100.639759,14.406746,0 100.639864,14.4068,0 100.639969,14.406853,0 100.640074,14.406906,0 100.640179,14.40696,0 100.640284,14.407015,0 100.640388,14.407069,0 100.640492,14.407124,0 100.640596,14.407179,0 100.6407,14.407234,0 100.640804,14.40729,0 100.640908,14.407345,0 100.641012,14.407401,0 100.641116,14.407457,0 100.64122,14.407512,0 100.641324,14.407567,0 100.641428,14.407622,0 100.64153,14.407675,0 100.641628,14.407726,0 100.641732,14.40778,0 100.641837,14.407833,0 100.641942,14.407887,0 100.642047,14.407941,0 100.642151,14.407995,0 100.64225,14.408046,0 100.642354,14.4081,0 100.642458,14.408156,0 100.642555,14.408208,0 100.642659,14.408263,0 100.642763,14.408319,0 100.642867,14.408374,0 100.642964,14.408427,0 100.643068,14.408482,0 100.643172,14.408537,0 100.643276,14.408593,0 100.643379,14.408648,0 100.643482,14.408704,0 100.643586,14.408759,0 100.643681,14.40881,0 100.643783,14.408865,0 100.643878,14.408915,0 100.643974,14.408964,0 100.644079,14.409018,0 100.644184,14.409071,0 100.64428,14.40912,0 100.644384,14.409174,0 100.644489,14.409228,0 100.644593,14.409282,0 100.644697,14.409337,0 100.644801,14.409393,0 100.644904,14.409448,0 100.645008,14.409504,0 100.645112,14.409559,0 100.645216,14.409613,0 100.645321,14.409668,0 100.645425,14.409721,0 100.64553,14.409775,0 100.645627,14.409823,0 100.645724,14.40987,0 100.645831,14.40992,0 100.645938,14.409969,0 100.646046,14.410017,0 100.646154,14.410065,0 100.646262,14.410113,0 100.646369,14.410161,0 100.646477,14.410208,0 100.646584,14.410256,0 100.646692,14.410305,0 100.646799,14.410354,0 100.646907,14.410403,0 100.647008,14.410449,0 100.647106,14.410494,0 100.647207,14.41054,0 100.647314,14.410589,0 100.647422,14.410638,0 100.647529,14.410686,0 100.647637,14.410735,0 100.647744,14.410784,0 100.647852,14.410833,0 100.64795,14.410877,0 100.648058,14.410925,0 100.648166,14.410972,0 100.648268,14.411017,0 100.648376,14.411065,0 100.648484,14.411112,0 100.648586,14.411156,0 100.648694,14.411203,0 100.648803,14.41125,0 100.648904,14.411294,0 100.649006,14.411339,0 100.649114,14.411388,0 100.649221,14.411436,0 100.649329,14.411485,0 100.649436,14.411534,0 100.649543,14.411584,0 100.64965,14.411633,0 100.649683,14.411648,0 100.649751,14.41168,0 100.649859,14.411729,0 100.649966,14.411778,0 100.650074,14.411827,0 100.650182,14.411875,0 100.650287,14.411922,0 100.650389,14.411966,0 100.650497,14.412013,0 100.650606,14.41206,0 100.650714,14.412106,0 100.650823,14.412153,0 100.650931,14.4122,0 100.651039,14.412248,0 100.651147,14.412295,0 100.651256,14.412342,0 100.651355,14.412387,0 100.651458,14.412433,0 100.651565,14.412482,0 100.651672,14.412532,0 100.651779,14.412581,0 100.651886,14.412631,0 100.651993,14.41268,0 100.652094,14.412727,0 100.652194,14.412774,0 100.652295,14.412821,0 100.652402,14.412871,0 100.65251,14.412919,0 100.652618,14.412967,0 100.652726,14.413014,0 100.652834,14.413062,0 100.652936,14.413106,0 100.653045,14.413153,0 100.65314,14.413195,0 100.653248,14.413243,0 100.653356,14.413291,0 100.653464,14.41334,0 100.653571,14.413389,0 100.653679,14.413438,0 100.653786,14.413487,0 100.653893,14.413536,0 100.654,14.413586,0 100.654106,14.413637,0 100.654204,14.413684,0 100.654311,14.413736,0 100.654418,14.413786,0 100.654524,14.413836,0 100.654632,14.413886,0 100.654739,14.413934,0 100.654846,14.413984,0 100.654953,14.414033,0 100.65506,14.414082,0 100.655167,14.414131,0 100.655274,14.41418,0 100.655382,14.414229,0 100.655489,14.414278,0 100.655596,14.414327,0 100.655697,14.414373,0 100.655804,14.414421,0 100.655912,14.414469,0 100.65602,14.414518,0 100.656118,14.414562,0 100.656225,14.414612,0 100.656332,14.414662,0 100.656439,14.414713,0 100.656539,14.414761,0 100.656646,14.414811,0 100.656743,14.414857,0 100.656841,14.414903,0 100.656948,14.414952,0 100.657056,14.415001,0 100.657163,14.415051,0 100.657268,14.415099,0 100.657376,14.415149,0 100.657483,14.415198,0 100.657584,14.415244,0 100.657692,14.415292,0 100.657799,14.415341,0 100.657906,14.41539,0 100.658013,14.41544,0 100.65812,14.415489,0 100.658218,14.415535,0 100.658326,14.415584,0 100.658433,14.415634,0 100.65854,14.415683,0 100.658638,14.415728,0 100.658745,14.415778,0 100.658851,14.415828,0 100.658958,14.415878,0 100.659065,14.415927,0 100.659172,14.415976,0 100.65928,14.416024,0 100.659388,14.41607,0 100.659496,14.416117,0 100.659561,14.416145,0 100.659659,14.41619,0 100.659752,14.416234,0 100.659761,14.416238,0 100.659864,14.416285,0 100.659971,14.416333,0 100.660078,14.416382,0 100.660185,14.416431,0 100.660284,14.416474,0 100.660383,14.416519,0 100.660396,14.416525,0 100.660503,14.416576,0 100.660611,14.416627,0 100.660718,14.416677,0 100.660826,14.416728,0 100.660934,14.416778,0 100.661036,14.416824,0 100.661137,14.416871,0 100.661239,14.416918,0 100.661347,14.416967,0 100.661456,14.417016,0 100.661558,14.417061,0 100.661667,14.417108,0 100.661769,14.417154,0 100.661878,14.417202,0 100.661986,14.41725,0 100.662095,14.417298,0 100.662203,14.417347,0 100.662305,14.417393,0 100.662413,14.417443,0 100.662521,14.417493,0 100.662623,14.41754,0 100.662724,14.417587,0 100.662832,14.417637,0 100.662933,14.417684,0 100.663042,14.417733,0 100.66315,14.417782,0 100.663259,14.41783,0 100.663367,14.417879,0 100.663475,14.417928,0 100.663574,14.417972,0 100.663674,14.418017,0 100.663782,14.418065,0 100.663891,14.418112,0 100.664001,14.41816,0 100.664108,14.418206,0 100.664217,14.418253,0 100.664326,14.4183,0 100.664435,14.418348,0 100.66454,14.418395,0 100.664649,14.418443,0 100.664757,14.418492,0 100.664865,14.418541,0 100.664974,14.41859,0 100.665082,14.418639,0 100.665181,14.418684,0 100.665263,14.418722,0 100.665371,14.418772,0 100.665479,14.418822,0 100.665587,14.418872,0 100.665686,14.418919,0 100.665794,14.418968,0 100.665895,14.419014,0 100.665994,14.419058,0 100.666096,14.419104,0 100.666198,14.419148,0 100.666307,14.419196,0 100.666416,14.419243,0 100.666525,14.419291,0 100.666633,14.41934,0 100.666742,14.419389,0 100.66685,14.419438,0 100.666958,14.419487,0 100.667067,14.419536,0 100.667175,14.419585,0 100.667283,14.419634,0 100.667391,14.419685,0 100.667498,14.419735,0 100.667606,14.419786,0 100.667713,14.419837,0 100.667821,14.419888,0 100.667919,14.419934,0 100.668027,14.419985,0 100.668126,14.42003,0 100.668225,14.420075,0 100.668333,14.420124,0 100.668432,14.420168,0 100.668541,14.420216,0 100.668648,14.420264,0 100.668757,14.420312,0 100.668866,14.420361,0 100.668974,14.42041,0 100.669082,14.420459,0 100.669191,14.420508,0 100.669292,14.420555,0 100.6694,14.420605,0 100.669508,14.420656,0 100.669615,14.420707,0 100.669722,14.420758,0 100.66983,14.420809,0 100.669937,14.420859,0 100.670037,14.420905,0 100.670145,14.420954,0 100.670246,14.420998,0 100.670354,14.421046,0 100.670463,14.421095,0 100.670566,14.421141,0 100.670674,14.42119,0 100.670782,14.421239,0 100.670883,14.421284,0 100.670991,14.421333,0 100.671099,14.421382,0 100.671206,14.421431,0 100.671305,14.421476,0 100.671402,14.421521,0 100.671509,14.421571,0 100.671616,14.42162,0 100.671716,14.421667,0 100.671822,14.421717,0 100.671929,14.421767,0 100.672029,14.421813,0 100.672137,14.421862,0 100.672235,14.421906,0 100.672334,14.42195,0 100.672442,14.421997,0 100.672541,14.42204,0 100.67265,14.422086,0 100.672758,14.422132,0 100.672866,14.422178,0 100.672974,14.422225,0 100.673082,14.422273,0 100.673189,14.42232,0 100.673296,14.422369,0 100.673403,14.422418,0 100.67351,14.422467,0 100.673617,14.422516,0 100.673724,14.422565,0 100.673831,14.422614,0 100.673938,14.422664,0 100.674044,14.422713,0 100.674143,14.422759,0 100.67425,14.422808,0 100.674357,14.422857,0 100.674464,14.422906,0 100.674571,14.422954,0 100.674669,14.422998,0 100.674777,14.423046,0 100.674885,14.423094,0 100.674992,14.423141,0 100.6751,14.423188,0 100.675208,14.423236,0 100.675315,14.423284,0 100.675418,14.42333,0 100.675525,14.423378,0 100.675632,14.423427,0 100.675732,14.423474,0 100.675832,14.423521,0 100.675938,14.423571,0 100.676038,14.423619,0 100.676144,14.423669,0 100.67625,14.42372,0 100.676354,14.423769,0 100.676461,14.423819,0 100.676568,14.423869,0 100.676675,14.423917,0 100.676782,14.423966,0 100.67689,14.424013,0 100.676997,14.424061,0 100.677105,14.424109,0 100.677206,14.424154,0 100.677314,14.424201,0 100.677421,14.424248,0 100.677528,14.424296,0 100.677635,14.424344,0 100.677742,14.424393,0 100.677842,14.424439,0 100.677949,14.424489,0 100.678056,14.424539,0 100.678161,14.42459,0 100.678266,14.424642,0 100.678372,14.424694,0 100.678477,14.424746,0 100.678583,14.424797,0 100.67868,14.424843,0 100.678777,14.42489,0 100.678882,14.424942,0 100.678987,14.424996,0 100.679092,14.42505,0 100.67919,14.4251,0 100.679294,14.425155,0 100.679397,14.42521,0 100.679501,14.425265,0 100.679604,14.425322,0 100.679705,14.425381,0 100.6798,14.425439,0 100.679893,14.425497,0 100.679993,14.42556,0 100.680092,14.425622,0 100.680191,14.425684,0 100.680291,14.425745,0 100.680391,14.425807,0 100.680489,14.42587,0 100.680587,14.425935,0 100.680684,14.425999,0 100.680702,14.426011,0 100.680792,14.426069,0 100.680885,14.426124,0 100.680987,14.426183,0 100.681082,14.426239,0 100.681183,14.426299,0 100.681277,14.426357,0 100.681345,14.426399,0 100.681444,14.426462,0 100.681544,14.426524,0 100.681644,14.426586,0 100.681742,14.426649,0 100.681838,14.426713,0 100.681935,14.426778,0 100.682033,14.426843,0 100.68214,14.426893,0 100.682254,14.426922,0 100.68237,14.426946,0 100.682486,14.42697,0 100.682595,14.427014,0 100.682696,14.427072,0 100.68279,14.427131,0 100.682882,14.427191,0 100.682981,14.427254,0 100.683079,14.427317,0 100.683178,14.427379,0 100.683278,14.427441,0 100.683376,14.427503,0 100.683476,14.427566,0 100.683514,14.42759,0 100.683612,14.427653,0 100.683711,14.427717,0 100.683809,14.42778,0 100.683908,14.427842,0 100.684001,14.427901,0 100.6841,14.427964,0 100.684198,14.428027,0 100.684296,14.42809,0 100.684396,14.428153,0 100.684495,14.428216,0 100.684595,14.428278,0 100.684695,14.42834,0 100.684789,14.428399,0 100.684881,14.428455,0 100.684981,14.428516,0 100.685082,14.428577,0 100.685182,14.428638,0 100.685283,14.428699,0 100.685375,14.428754,0 100.685475,14.428814,0 100.685576,14.428875,0 100.685677,14.428934,0 100.685716,14.428958,0 100.685724,14.428962,0 100.68573,14.428965,0 100.685778,14.428994,0 100.685867,14.42907,0 100.685938,14.429162,0 100.686004,14.429256,0 100.68607,14.429352,0 100.686155,14.429433,0 100.686209,14.429473,0 100.686306,14.429539,0 100.686399,14.429599,0 100.686492,14.429658,0 100.686592,14.42972,0 100.686692,14.429782,0 100.686792,14.429842,0 100.686894,14.429902,0 100.686994,14.429962,0 100.687095,14.430022,0 100.687196,14.430083,0 100.687296,14.430144,0 100.687395,14.430204,0 100.687495,14.430266,0 100.687595,14.430328,0 100.687694,14.43039,0 100.687794,14.430453,0 100.687893,14.430516,0 100.687984,14.430573,0 100.688083,14.430636,0 100.688174,14.430694,0 100.688274,14.430756,0 100.688373,14.430818,0 100.688473,14.43088,0 100.688573,14.430942,0 100.688673,14.431004,0 100.688773,14.431066,0 100.688873,14.431127,0 100.688973,14.431189,0 100.689074,14.43125,0 100.689174,14.431311,0 100.689274,14.431373,0 100.689374,14.431434,0 100.689474,14.431497,0 100.689573,14.431559,0 100.689672,14.431622,0 100.689771,14.431686,0 100.689864,14.431746,0 100.689955,14.431806,0 100.690054,14.43187,0 100.690146,14.43193,0 100.690239,14.43199,0 100.690337,14.432053,0 100.690437,14.432116,0 100.690536,14.432178,0 100.690636,14.432241,0 100.690735,14.432304,0 100.690834,14.432367,0 100.690933,14.43243,0 100.691032,14.432493,0 100.691131,14.432556,0 100.691225,14.432615,0 100.691318,14.432674,0 100.691417,14.432737,0 100.69151,14.432796,0 100.69161,14.43286,0 100.691701,14.432919,0 100.6918,14.432983,0 100.691898,14.433047,0 100.691996,14.433111,0 100.692087,14.43317,0 100.692179,14.433229,0 100.692271,14.433288,0 100.69237,14.433352,0 100.692468,14.433416,0 100.692561,14.433477,0 100.692659,14.433541,0 100.692758,14.433605,0 100.692857,14.433668,0 100.692951,14.433727,0 100.69305,14.43379,0 100.693144,14.433849,0 100.693237,14.433907,0 100.693331,14.433966,0 100.693425,14.434025,0 100.693523,14.434087,0 100.693621,14.434152,0 100.693719,14.434217,0 100.693816,14.434282,0 100.693914,14.434347,0 100.694012,14.434412,0 100.694111,14.434476,0 100.69421,14.434539,0 100.694309,14.434602,0 100.694409,14.434663,0 100.694504,14.43472,0 100.694523,14.434732,0 100.694622,14.434796,0 100.694721,14.434859,0 100.694815,14.434918,0 100.694915,14.434979,0 100.695015,14.435041,0 100.695115,14.435103,0 100.695214,14.435166,0 100.695313,14.435229,0 100.695412,14.435293,0 100.69551,14.435356,0 100.695603,14.435416,0 100.695696,14.435476,0 100.695795,14.435539,0 100.695894,14.435603,0 100.695985,14.435662,0 100.696084,14.435726,0 100.696183,14.435789,0 100.696282,14.435853,0 100.696381,14.435916,0 100.696481,14.435979,0 100.696581,14.436042,0 100.696682,14.436103,0 100.696783,14.436164,0 100.696884,14.436224,0 100.696985,14.436285,0 100.697086,14.436346,0 100.697187,14.436407,0 100.697279,14.436463,0 100.69738,14.436525,0 100.697474,14.436583,0 100.697568,14.436642,0 100.697662,14.436701,0 100.697755,14.436761,0 100.697855,14.436824,0 100.697954,14.436888,0 100.698054,14.436951,0 100.698154,14.437014,0 100.698248,14.437072,0 100.698348,14.437134,0 100.698448,14.437196,0 100.698549,14.437257,0 100.69865,14.437318,0 100.698751,14.437379,0 100.698852,14.43744,0 100.698953,14.437501,0 100.699054,14.437563,0 100.699155,14.437624,0 100.699253,14.437684,0 100.699346,14.437741,0 100.699441,14.437799,0 100.699541,14.437861,0 100.699641,14.437923,0 100.699741,14.437986,0 100.699841,14.438049,0 100.69994,14.438112,0 100.70004,14.438176,0 100.70014,14.438238,0 100.700234,14.438298,0 100.700328,14.438356,0 100.700428,14.438418,0 100.700522,14.438476,0 100.700623,14.438538,0 100.700724,14.438599,0 100.700825,14.43866,0 100.700926,14.43872,0 100.701027,14.438781,0 100.701128,14.438842,0 100.701221,14.438898,0 100.701315,14.438956,0 100.701416,14.439018,0 100.701516,14.43908,0 100.701609,14.439139,0 100.701709,14.439202,0 100.7018,14.439261,0 100.701898,14.439325,0 100.701997,14.439389,0 100.702096,14.439453,0 100.702189,14.439513,0 100.702288,14.439576,0 100.702388,14.43964,0 100.702488,14.439703,0 100.702588,14.439766,0 100.702688,14.439828,0 100.702788,14.439889,0 100.702889,14.439951,0 100.70299,14.440012,0 100.70309,14.440074,0 100.70319,14.440137,0 100.70329,14.4402,0 100.703383,14.440259,0 100.703477,14.440319,0 100.703576,14.440383,0 100.703675,14.440447,0 100.703768,14.440508,0 100.703861,14.440568,0 100.703955,14.44063,0 100.704053,14.440694,0 100.704152,14.440759,0 100.704251,14.440824,0 100.70435,14.440888,0 100.704441,14.440946,0 100.70454,14.441009,0 100.70464,14.441072,0 100.70474,14.441135,0 100.70484,14.441198,0 100.70494,14.44126,0 100.705039,14.441324,0 100.705138,14.441387,0 100.705237,14.441451,0 100.705336,14.441515,0 100.705434,14.441579,0 100.705533,14.441644,0 100.705624,14.441702,0 100.705723,14.441766,0 100.705814,14.441824,0 100.705912,14.441888,0 100.706011,14.441952,0 100.70611,14.442016,0 100.706209,14.44208,0 100.706302,14.442141,0 100.706395,14.442201,0 100.706494,14.442265,0 100.706594,14.442328,0 100.706687,14.442388,0 100.706787,14.442451,0 100.706886,14.442514,0 100.706986,14.442576,0 100.707085,14.44264,0 100.707184,14.442703,0 100.707284,14.442767,0 100.707383,14.44283,0 100.707474,14.442889,0 100.707573,14.442953,0 100.707672,14.443017,0 100.707772,14.44308,0 100.707882,14.443124,0 100.707998,14.443149,0 100.708104,14.4432,0 100.708105,14.443201,0 100.708132,14.443218,0 100.70822,14.443278,0 100.708318,14.443345,0 100.708414,14.443412,0 100.708463,14.443442,0 100.708472,14.443447,0 100.708494,14.44346,0 100.708522,14.443478,0 100.708523,14.443478,0 100.708525,14.44348,0 100.70853,14.443483,0 100.708534,14.443485,0 100.708536,14.443487,0 100.708538,14.443488,0 100.708554,14.443497,0 100.70859,14.443518,0 100.708618,14.443534,0 100.708709,14.443609,0 100.708786,14.443697,0 100.708879,14.44377,0 100.708979,14.443832,0 100.70908,14.443892,0 100.70918,14.443954,0 100.70928,14.444016,0 100.70938,14.444079,0 100.709479,14.444142,0 100.709578,14.444206,0 100.709678,14.444268,0 100.709777,14.444332,0 100.709873,14.444395,0 100.709972,14.444459,0 100.710071,14.444523,0 100.71017,14.444586,0 100.71027,14.444649,0 100.71037,14.444711,0 100.710471,14.444772,0 100.710572,14.444833,0 100.710673,14.444893,0 100.710774,14.444954,0 100.710866,14.445011,0 100.710964,14.445073,0 100.711056,14.445131,0 100.711155,14.445195,0 100.711246,14.445255,0 100.711339,14.445316,0 100.711438,14.445381,0 100.711536,14.445445,0 100.711635,14.44551,0 100.711734,14.445573,0 100.711828,14.445633,0 100.711927,14.445696,0 100.712028,14.445758,0 100.712128,14.44582,0 100.712222,14.445879,0 100.712323,14.44594,0 100.712423,14.446002,0 100.712523,14.446064,0 100.712623,14.446127,0 100.712723,14.446189,0 100.712823,14.44625,0 100.712924,14.446312,0 100.713025,14.446374,0 100.713125,14.446436,0 100.713225,14.446499,0 100.713318,14.446558,0 100.713417,14.446622,0 100.713508,14.446681,0 100.713607,14.446745,0 100.713706,14.446809,0 100.713806,14.446873,0 100.713896,14.446932,0 100.713995,14.446996,0 100.714094,14.447059,0 100.714193,14.447123,0 100.714284,14.447181,0 100.714374,14.44724,0 100.714473,14.447304,0 100.714573,14.447367,0 100.714673,14.447428,0 100.714773,14.447491,0 100.714874,14.447552,0 100.714975,14.447613,0 100.71507,14.447671,0 100.715169,14.447733,0 100.715263,14.447792,0 100.715357,14.447851,0 100.71545,14.447911,0 100.715541,14.447969,0 100.715641,14.448032,0 100.715741,14.448095,0 100.715836,14.448156,0 100.715935,14.448221,0 100.716033,14.448287,0 100.716131,14.448354,0 100.716145,14.448386,0 100.716145,14.448388,0 100.716172,14.44849,0 100.716199,14.448602,0 100.716222,14.448715,0 100.716246,14.448828,0 100.716269,14.448939,0 100.71627,14.448941,0 100.716298,14.449054,0 100.716315,14.449119,0 100.716322,14.449142,0 100.716332,14.449179,0 100.716356,14.449204,0 100.716412,14.449236,0 100.716513,14.449296,0 100.716614,14.449357,0 100.716708,14.449414,0 100.716808,14.449475,0 100.716908,14.449537,0 100.717008,14.4496,0 100.717108,14.449662,0 100.717207,14.449725,0 100.717307,14.449788,0 100.717406,14.449849,0 100.717506,14.449911,0 100.717606,14.449973,0 100.717693,14.450027,0 100.717784,14.450083,0 100.717885,14.450144,0 100.717978,14.4502,0 100.718076,14.45026,0 100.718177,14.450321,0 100.718277,14.450382,0 100.718377,14.450444,0 100.718477,14.450506,0 100.718578,14.450568,0 100.718678,14.45063,0 100.718778,14.450692,0 100.718877,14.450754,0 100.718976,14.450818,0 100.719075,14.450881,0 100.71917,14.450943,0 100.719269,14.451007,0 100.719368,14.451071,0 100.719461,14.45113,0 100.71956,14.451194,0 100.719659,14.451256,0 100.719753,14.451315,0 100.719847,14.451373,0 100.719946,14.451435,0 100.720046,14.451498,0 100.720139,14.451557,0 100.720238,14.45162,0 100.720329,14.451678,0 100.720428,14.451741,0 100.720527,14.451804,0 100.720618,14.451862,0 100.720717,14.451926,0 100.720816,14.45199,0 100.720916,14.452052,0 100.720964,14.452079,0 100.721078,14.45211,0 100.721185,14.452117,0 100.721194,14.452117,0 100.721312,14.45212,0 100.721431,14.452124,0 100.721542,14.452162,0 100.721642,14.452224,0 100.72174,14.452288,0 100.721839,14.452352,0 100.721932,14.452411,0 100.722024,14.452469,0 100.722124,14.452531,0 100.722216,14.452587,0 100.722308,14.452644,0 100.7224,14.4527,0 100.722501,14.452762,0 100.722601,14.452824,0 100.7227,14.452886,0 100.72274,14.452911,0 100.72283,14.452969,0 100.722922,14.453025,0 100.723022,14.453088,0 100.723123,14.453149,0 100.723225,14.45321,0 100.723326,14.45327,0 100.723417,14.453328,0 100.723508,14.453389,0 100.723602,14.45346,0 100.723692,14.453536,0 100.72378,14.453613,0 100.723868,14.453691,0 100.723949,14.453762,0 100.724032,14.45383,0 100.724116,14.453897,0 100.724207,14.45397,0 100.724298,14.454044,0 100.724389,14.45412,0 100.724478,14.454196,0 100.724567,14.454272,0 100.724604,14.454305,0 100.724648,14.454343,0 100.724728,14.454415,0 100.724815,14.454494,0 100.724898,14.454563,0 100.724995,14.45463,0 100.725107,14.45467,0 100.72513,14.454674,0 100.725172,14.454682,0 100.725282,14.454702,0 100.7254,14.45472,0 100.725507,14.454734,0 100.725626,14.454747,0 100.725744,14.454761,0 100.725862,14.454775,0 100.72598,14.45479,0 100.726097,14.454806,0 100.726213,14.454826,0 100.726223,14.454828,0 100.726288,14.454841,0 100.726394,14.454894,0 100.726437,14.454931,0 100.726524,14.455011,0 100.726609,14.455092,0 100.726689,14.455171,0 100.726771,14.455254,0 100.726844,14.455333,0 100.726921,14.455421,0 100.726997,14.45551,0 100.727069,14.455589,0 100.727139,14.45567,0 100.727214,14.45576,0 100.727287,14.455852,0 100.727288,14.455853,0 100.727357,14.455946,0 100.727424,14.456041,0 100.727488,14.456139,0 100.727542,14.45623,0 100.727564,14.456267,0 100.727568,14.456274,0 100.727628,14.456366,0 100.727674,14.45637,0 100.727692,14.456358,0 100.727769,14.456304,0 100.727866,14.456237,0 100.727896,14.456216,0 100.727995,14.45615,0 100.728094,14.456085,0 100.728194,14.456022,0 100.728229,14.456001,0 100.728251,14.455994,0 100.728285,14.456003,0 100.728381,14.456061,0 100.728476,14.456119,0 100.728488,14.456126,0 100.728532,14.456122,0 100.728533,14.456122,0 100.728577,14.456131,0 100.728595,14.45614,0 100.728689,14.456198,0 100.728789,14.456262,0 100.728889,14.456328,0 100.728902,14.456371,0 100.72893,14.456405,0 100.728938,14.45641,0 100.729032,14.456466,0 100.729134,14.456526,0 100.729235,14.456588,0 100.729336,14.45665,0 100.729438,14.456712,0 100.729538,14.456774,0 100.729638,14.456838,0 100.729738,14.456902,0 100.729778,14.456928,0 100.729836,14.456966,0 100.729935,14.457031,0 100.730034,14.457096,0 100.730133,14.457162,0 100.730227,14.45722,0 100.730323,14.457278,0 100.730416,14.457336,0 100.730516,14.457398,0 100.730617,14.45746,0 100.730718,14.457522,0 100.730818,14.457584,0 100.730913,14.457643,0 100.731008,14.457702,0 100.731102,14.457761,0 100.731197,14.45782,0 100.731297,14.457883,0 100.731398,14.457946,0 100.731498,14.458009,0 100.731598,14.458072,0 100.731699,14.458134,0 100.7318,14.458196,0 100.731901,14.458257,0 100.731993,14.458314,0 100.732094,14.458378,0 100.732193,14.458441,0 100.732293,14.458505,0 100.732392,14.458569,0 100.732491,14.458635,0 100.732534,14.458663,0 100.732584,14.458696,0 100.732675,14.458756,0 100.732774,14.45882,0 100.732873,14.458885,0 100.732972,14.45895,0 100.733063,14.459009,0 100.733154,14.459068,0 100.733253,14.459132,0 100.733353,14.459196,0 100.733453,14.459258,0 100.733553,14.459321,0 100.733644,14.459378,0 100.733744,14.45944,0 100.733833,14.459494,0 100.733933,14.459556,0 100.734032,14.459618,0 100.734132,14.45968,0 100.734232,14.459743,0 100.734326,14.459802,0 100.734419,14.459861,0 100.734518,14.459925,0 100.734609,14.459982,0 100.734708,14.460045,0 100.734799,14.460103,0 100.734898,14.460166,0 100.734997,14.460229,0 100.735096,14.460293,0 100.735196,14.460356,0 100.735287,14.460412,0 100.735387,14.460474,0 100.73548,14.46053,0 100.73558,14.460592,0 100.735681,14.460653,0 100.735779,14.460712,0 100.73578,14.460712,0 100.735782,14.460714,0 100.735882,14.460774,0 100.735982,14.460835,0 100.736082,14.460897,0 100.736162,14.460946,0 100.736183,14.460958,0 100.736242,14.460995,0 100.736342,14.461057,0 100.736441,14.461119,0 100.736541,14.461182,0 100.73664,14.461245,0 100.736739,14.461308,0 100.736838,14.461372,0 100.736936,14.461435,0 100.737035,14.461499,0 100.737134,14.461562,0 100.737234,14.461625,0 100.737331,14.461686,0 100.737431,14.461747,0 100.737531,14.461808,0 100.737632,14.461869,0 100.737733,14.46193,0 100.737833,14.461991,0 100.737934,14.462052,0 100.738034,14.462113,0 100.738128,14.462171,0 100.738228,14.462233,0 100.738328,14.462295,0 100.738427,14.462358,0 100.738526,14.462421,0 100.738625,14.462485,0 100.738724,14.462548,0 100.738823,14.462611,0 100.738922,14.462674,0 100.739021,14.462738,0 100.73912,14.4628,0 100.739212,14.462856,0 100.739262,14.462886,0 100.739354,14.462942,0 100.739446,14.462997,0 100.739547,14.463058,0 100.739607,14.463095,0 100.739647,14.463119,0 100.739747,14.463182,0 100.739847,14.463244,0 100.739946,14.463306,0 100.74004,14.463365,0 100.740139,14.463428,0 100.740238,14.463491,0 100.740337,14.463555,0 100.740435,14.46362,0 100.740533,14.463685,0 100.740631,14.46375,0 100.740721,14.463808,0 100.74082,14.463872,0 100.740919,14.463935,0 100.741019,14.463997,0 100.741119,14.464059,0 100.741211,14.464116,0 100.741309,14.464178,0 100.741408,14.464241,0 100.741508,14.464304,0 100.741607,14.464366,0 100.741706,14.464429,0 100.741806,14.464492,0 100.741897,14.46455,0 100.741988,14.464607,0 100.742087,14.464671,0 100.742152,14.464713,0 100.742186,14.464734,0 100.742285,14.464798,0 100.742384,14.464862,0 100.742474,14.464919,0 100.742564,14.464978,0 100.742654,14.465036,0 100.742744,14.465096,0 100.742843,14.46516,0 100.742941,14.465224,0 100.743031,14.465282,0 100.743121,14.46534,0 100.74322,14.465402,0 100.74332,14.465465,0 100.74342,14.465527,0 100.743512,14.465583,0 100.743604,14.46564,0 100.743703,14.465702,0 100.743802,14.465766,0 100.743901,14.465829,0 100.743992,14.465887,0 100.744092,14.465949,0 100.744191,14.466012,0 100.74429,14.466076,0 100.744387,14.466139,0 100.744486,14.466202,0 100.744586,14.466264,0 100.744677,14.466321,0 100.744777,14.466384,0 100.744868,14.466441,0 100.744958,14.466499,0 100.745057,14.466561,0 100.745157,14.466624,0 100.745256,14.466686,0 100.745356,14.466747,0 100.745448,14.466804,0 100.745539,14.46686,0 100.745638,14.466921,0 100.745738,14.466982,0 100.745832,14.46704,0 100.745932,14.467102,0 100.746032,14.467163,0 100.746132,14.467224,0 100.746232,14.467286,0 100.746322,14.467343,0 100.746413,14.467401,0 100.746504,14.467458,0 100.746595,14.467516,0 100.746694,14.467578,0 100.746793,14.467641,0 100.746892,14.467704,0 100.746991,14.467768,0 100.747089,14.46783,0 100.747188,14.467892,0 100.747288,14.467954,0 100.747388,14.468017,0 100.747487,14.468078,0 100.747579,14.468135,0 100.747678,14.468198,0 100.74777,14.468256,0 100.747869,14.468319,0 100.747958,14.468376,0 100.748057,14.468438,0 100.748155,14.468501,0 100.748253,14.468564,0 100.748351,14.468626,0 100.748451,14.468688,0 100.74855,14.46875,0 100.748649,14.468812,0 100.748674,14.468829,0 100.748773,14.468893,0 100.748871,14.468957,0 100.74897,14.469021,0 100.749066,14.46908,0 100.749166,14.469143,0 100.749185,14.469155,0 100.74919,14.469158,0 100.749203,14.469176,0 100.749263,14.469216,0 100.749301,14.469238,0 100.749402,14.469297,0 100.749504,14.469356,0 100.749604,14.469416,0 100.749704,14.469479,0 100.749738,14.469501,0 100.749839,14.469561,0 100.749932,14.469613,0 100.750033,14.469672,0 100.750044,14.469679,0 100.750144,14.469741,0 100.750242,14.469805,0 100.75034,14.46987,0 100.75043,14.469932,0 100.75053,14.469996,0 100.750629,14.47006,0 100.750729,14.470124,0 100.750828,14.470188,0 100.750928,14.470251,0 100.751028,14.470314,0 100.751128,14.470377,0 100.751227,14.470441,0 100.751319,14.470499,0 100.751419,14.470561,0 100.75152,14.470624,0 100.75162,14.470686,0 100.751644,14.470701,0 100.751722,14.470748,0 100.751823,14.470809,0 100.751924,14.47087,0 100.752026,14.470931,0 100.752127,14.470993,0 100.752228,14.471055,0 100.752328,14.471118,0 100.752428,14.471181,0 100.752528,14.471245,0 100.752627,14.471308,0 100.752727,14.471372,0 100.752827,14.471436,0 100.752927,14.4715,0 100.753027,14.471563,0 100.753126,14.471624,0 100.753227,14.471687,0 100.753328,14.471748,0 100.753429,14.47181,0 100.753531,14.47187,0 100.753632,14.471931,0 100.753731,14.47199,0 100.753833,14.472051,0 100.753934,14.472113,0 100.754034,14.472175,0 100.754135,14.472237,0 100.754235,14.4723,0 100.754335,14.472363,0 100.754436,14.472426,0 100.754536,14.472488,0 100.754637,14.472551,0 100.754737,14.472613,0 100.754838,14.472676,0 100.754938,14.472738,0 100.755039,14.4728,0 100.755134,14.472858,0 100.755236,14.472919,0 100.755337,14.47298,0 100.755439,14.47304,0 100.75554,14.4731,0 100.755642,14.473161,0 100.755744,14.473221,0 100.755845,14.473282,0 100.755947,14.473343,0 100.756048,14.473405,0 100.756149,14.473466,0 100.756251,14.473528,0 100.756352,14.473589,0 100.756442,14.473646,0 100.756463,14.473673,0 100.756466,14.473681,0 100.756489,14.473792,0 100.756512,14.473906,0 100.756534,14.47402,0 100.756555,14.474126,0 100.756555,14.474127,0 100.756556,14.474135,0 100.756571,14.474166,0 100.756663,14.474232,0 100.756677,14.474242,0 100.756775,14.474309,0 100.756873,14.474375,0 100.756971,14.474441,0 100.75707,14.474506,0 100.757169,14.47457,0 100.757268,14.474634,0 100.757369,14.474698,0 100.757402,14.474709,0 100.757414,14.474709,0 100.757482,14.474697,0 100.757504,14.474692,0 100.757531,14.474687,0 100.757648,14.474665,0 100.757766,14.474644,0 100.757884,14.474623,0 100.757918,14.474627,0 100.75797,14.474659,0 100.758067,14.474725,0 100.758165,14.474791,0 100.758263,14.474857,0 100.758356,14.474919,0 100.758455,14.474984,0 100.758548,14.475044,0 100.758647,14.475108,0 100.758747,14.475172,0 100.758848,14.475234,0 100.758949,14.475296,0 100.75905,14.475358,0 100.759151,14.475419,0 100.759252,14.475481,0 100.759345,14.475538,0 100.759446,14.475601,0 100.759546,14.475664,0 100.759646,14.475727,0 100.759744,14.475792,0 100.759833,14.475852,0 100.75993,14.475917,0 100.760021,14.475978,0 100.760118,14.476043,0 100.760216,14.476108,0 100.760314,14.476172,0 100.760412,14.476235,0 100.760507,14.476295,0 100.7606,14.476354,0 100.760697,14.476416,0 100.760796,14.476479,0 100.760895,14.476542,0 100.760994,14.476604,0 100.761093,14.476667,0 100.761164,14.476712,0 100.761192,14.476729,0 100.761292,14.476792,0 100.761391,14.476854,0 100.76149,14.476917,0 100.761589,14.47698,0 100.761688,14.477042,0 100.761788,14.477104,0 100.761887,14.477166,0 100.761987,14.477228,0 100.762086,14.477291,0 100.762186,14.477353,0 100.762276,14.47741,0 100.762376,14.477472,0 100.762475,14.477534,0 100.762575,14.477595,0 100.762676,14.477656,0 100.762776,14.477716,0 100.762877,14.477776,0 100.762972,14.477832,0 100.763072,14.477893,0 100.763173,14.477954,0 100.763273,14.478015,0 100.763373,14.478076,0 100.763472,14.478138,0 100.763571,14.478201,0 100.763666,14.478262,0 100.76367,14.478264,0 100.763768,14.478328,0 100.763867,14.478391,0 100.763966,14.478455,0 100.764065,14.478518,0 100.764163,14.478582,0 100.764262,14.478645,0 100.764362,14.478708,0 100.764461,14.478769,0 100.764562,14.47883,0 100.764662,14.478891,0 100.764762,14.478951,0 100.764862,14.479013,0 100.764962,14.479074,0 100.765062,14.479136,0 100.765153,14.479192,0 100.765247,14.47925,0 100.765346,14.479312,0 100.765446,14.479374,0 100.765544,14.479437,0 100.765643,14.4795,0 100.765742,14.479563,0 100.765841,14.479626,0 100.76594,14.479689,0 100.766039,14.479752,0 100.766136,14.479812,0 100.766227,14.479868,0 100.766327,14.47993,0 100.766427,14.479991,0 100.766527,14.480052,0 100.766627,14.480113,0 100.766721,14.480171,0 100.766821,14.480233,0 100.766921,14.480295,0 100.76702,14.480357,0 100.767119,14.480419,0 100.767218,14.480482,0 100.767316,14.480545,0 100.767415,14.480608,0 100.767513,14.480671,0 100.767612,14.480734,0 100.767711,14.480797,0 100.76781,14.48086,0 100.767902,14.480918,0 100.767994,14.480975,0 100.768093,14.481036,0 100.768193,14.481098,0 100.768292,14.48116,0 100.768379,14.481213,0 100.768479,14.481275,0 100.768579,14.481336,0 100.768669,14.481392,0 100.768768,14.481454,0 100.768867,14.481516,0 100.768957,14.481574,0 100.769056,14.481637,0 100.769154,14.481701,0 100.769252,14.481765,0 100.76935,14.48183,0 100.76944,14.481888,0 100.76953,14.481946,0 100.769629,14.482009,0 100.769728,14.482072,0 100.769828,14.482134,0 100.769927,14.482196,0 100.770026,14.482257,0 100.770126,14.482319,0 100.770226,14.482381,0 100.770326,14.482442,0 100.770427,14.482503,0 100.77052,14.48256,0 100.77062,14.482622,0 100.77072,14.482685,0 100.77082,14.482748,0 100.770911,14.482805,0 100.771003,14.482862,0 100.771102,14.482925,0 100.771202,14.482988,0 100.771294,14.483045,0 100.771385,14.483102,0 100.771484,14.483166,0 100.771575,14.483223,0 100.771676,14.483285,0 100.771776,14.483347,0 100.771868,14.483403,0 100.77196,14.48346,0 100.772061,14.48352,0 100.772161,14.483582,0 100.772253,14.483638,0 100.772345,14.483694,0 100.772445,14.483756,0 100.772545,14.483819,0 100.772645,14.483882,0 100.772744,14.483946,0 100.772842,14.484009,0 100.772935,14.48407,0 100.773014,14.484122,0 100.773112,14.484187,0 100.77321,14.484251,0 100.773303,14.484312,0 100.773396,14.484372,0 100.773496,14.484435,0 100.773596,14.484497,0 100.773696,14.484559,0 100.773797,14.48462,0 100.773898,14.484682,0 100.773998,14.484743,0 100.774099,14.484805,0 100.774199,14.484867,0 100.774299,14.484929,0 100.774312,14.484937,0 100.77439,14.484986,0 100.774394,14.484989,0 100.77449,14.485049,0 100.77458,14.485108,0 100.774671,14.485166,0 100.774762,14.485224,0 100.774852,14.485283,0 100.774945,14.485343,0 100.775044,14.485406,0 100.775144,14.485469,0 100.775244,14.485532,0 100.775323,14.485581,0 100.775343,14.485594,0 100.775444,14.485656,0 100.775542,14.485717,0 100.775642,14.485779,0 100.775742,14.485841,0 100.775745,14.485843,0 100.775834,14.485899,0 100.775933,14.485962,0 100.776033,14.486025,0 100.776132,14.486088,0 100.776232,14.486152,0 100.776331,14.486215,0 100.776431,14.486278,0 100.776522,14.486336,0 100.776621,14.486399,0 100.776697,14.486447,0 100.776708,14.486454,0 100.776806,14.486518,0 100.776871,14.48656,0 100.776905,14.486582,0 100.777004,14.486646,0 100.777095,14.486704,0 100.777194,14.486768,0 100.777285,14.486825,0 100.777385,14.486888,0 100.777485,14.48695,0 100.777585,14.487012,0 100.777685,14.487074,0 100.777786,14.487136,0 100.777886,14.487197,0 100.777986,14.487258,0 100.778086,14.48732,0 100.778187,14.487381,0 100.778287,14.487443,0 100.778386,14.487506,0 100.778484,14.487569,0 100.778583,14.487633,0 100.778673,14.487691,0 100.778772,14.487756,0 100.77887,14.48782,0 100.778968,14.487884,0 100.779067,14.487948,0 100.779163,14.488009,0 100.779263,14.488072,0 100.779362,14.488133,0 100.779461,14.488195,0 100.779561,14.488257,0 100.779655,14.488315,0 100.779755,14.488377,0 100.779847,14.488433,0 100.779938,14.488489,0 100.780039,14.488551,0 100.780139,14.488613,0 100.780238,14.488675,0 100.780338,14.488738,0 100.780437,14.488801,0 100.780537,14.488863,0 100.780636,14.488926,0 100.780735,14.488989,0 100.780834,14.489052,0 100.780933,14.489115,0 100.781032,14.489179,0 100.781132,14.489242,0 100.781223,14.489299,0 100.781319,14.489358,0 100.781419,14.489419,0 100.781512,14.489475,0 100.781604,14.489531,0 100.781697,14.489588,0 100.781797,14.489649,0 100.781897,14.489712,0 100.781996,14.489774,0 100.782096,14.489837,0 100.782194,14.4899,0 100.782293,14.489963,0 100.782392,14.490026,0 100.782491,14.49009,0 100.782506,14.4901,0 100.78261,14.490155,0 100.782677,14.490187,0 100.782708,14.490201,0 100.782759,14.490225,0 100.782779,14.490234,0 100.78288,14.490281,0 100.782959,14.490325,0 100.783062,14.490384,0 100.783165,14.490443,0 100.783268,14.4905,0 100.783354,14.490548,0 100.783413,14.49058,0 100.783501,14.490659,0 100.783574,14.49075,0 100.783607,14.490795,0 100.783693,14.490872,0 100.783791,14.490937,0 100.78389,14.491002,0 100.783962,14.491048,0 100.784063,14.491109,0 100.784166,14.491169,0 100.784267,14.491226,0 100.78437,14.491285,0 100.784473,14.491344,0 100.784566,14.491398,0 100.784662,14.491454,0 100.784764,14.491514,0 100.784864,14.491574,0 100.784965,14.491636,0 100.785059,14.491694,0 100.785159,14.491757,0 100.78526,14.491817,0 100.785363,14.491876,0 100.785466,14.491932,0 100.78557,14.49199,0 100.785671,14.492051,0 100.78577,14.492115,0 100.785869,14.49218,0 100.785967,14.492245,0 100.786065,14.492311,0 100.786164,14.492375,0 100.786263,14.492439,0 100.786363,14.492503,0 100.786462,14.492567,0 100.786561,14.492632,0 100.786659,14.492697,0 100.786758,14.492762,0 100.786851,14.492823,0 100.78695,14.492887,0 100.78705,14.49295,0 100.78715,14.493012,0 100.787245,14.493071,0 100.787346,14.493133,0 100.787446,14.493195,0 100.787546,14.493256,0 100.787647,14.493318,0 100.787739,14.493375,0 100.787763,14.49339,0 100.787815,14.493423,0 100.787865,14.493456,0 100.787918,14.49349,0 100.788018,14.493554,0 100.788118,14.493617,0 100.788165,14.493646,0 100.788214,14.493677,0 100.788242,14.493694,0 100.788299,14.493731,0 100.788399,14.493794,0 100.788498,14.493857,0 100.788563,14.493898,0 100.788597,14.493921,0 100.788691,14.49398,0 100.78879,14.494044,0 100.78889,14.494107,0 100.78899,14.49417,0 100.78909,14.494233,0 100.789187,14.494293,0 100.789288,14.494355,0 100.789389,14.494416,0 100.78949,14.494477,0 100.789591,14.494539,0 100.789691,14.494601,0 100.789792,14.494664,0 100.789884,14.494722,0 100.789976,14.49478,0 100.790068,14.494838,0 100.790168,14.494902,0 100.790261,14.494962,0 100.79036,14.495025,0 100.79046,14.495088,0 100.79056,14.495151,0 100.79066,14.495214,0 100.79076,14.495277,0 100.790859,14.495341,0 100.790959,14.495403,0 100.79106,14.495465,0 100.791161,14.495527,0 100.791262,14.495588,0 100.791357,14.495646,0 100.791457,14.495708,0 100.791558,14.49577,0 100.791658,14.495832,0 100.791752,14.495891,0 100.791852,14.495953,0 100.791953,14.496016,0 100.792052,14.496078,0 100.792152,14.496141,0 100.792252,14.496205,0 100.792343,14.496263,0 100.792442,14.496327,0 100.792534,14.496386,0 100.792634,14.49645,0 100.792733,14.496513,0 100.792827,14.496572,0 100.792919,14.496629,0 100.793019,14.496692,0 100.79312,14.496754,0 100.793221,14.496815,0 100.793322,14.496877,0 100.793423,14.496939,0 100.793524,14.497,0 100.793624,14.497062,0 100.793724,14.497125,0 100.793824,14.497188,0 100.793924,14.497251,0 100.794022,14.497315,0 100.794122,14.497379,0 100.79422,14.497444,0 100.79432,14.497508,0 100.794419,14.497572,0 100.794518,14.497636,0 100.794617,14.4977,0 100.794717,14.497763,0 100.794817,14.497826,0 100.794917,14.497888,0 100.795011,14.497946,0 100.795105,14.498004,0 100.795206,14.498065,0 100.795302,14.498124,0 100.795403,14.498186,0 100.795497,14.498244,0 100.795596,14.498306,0 100.79569,14.498364,0 100.79579,14.498427,0 100.795889,14.498489,0 100.795988,14.498551,0 100.796088,14.498613,0 100.796179,14.49867,0 100.796272,14.498729,0 100.79637,14.498792,0 100.79647,14.498856,0 100.796568,14.49892,0 100.796668,14.498983,0 100.796767,14.499046,0 100.796866,14.499108,0 100.796966,14.49917,0 100.797065,14.49923,0 100.797155,14.499285,0 100.797255,14.499346,0 100.797355,14.499408,0 100.797446,14.499464,0 100.797547,14.499525,0 100.797646,14.499588,0 100.79774,14.499647,0 100.797839,14.49971,0 100.797938,14.499773,0 100.798036,14.499837,0 100.798135,14.4999,0 100.798234,14.499964,0 100.798333,14.500027,0 100.798432,14.50009,0 100.798532,14.500152,0 100.798631,14.500214,0 100.798725,14.500273,0 100.798825,14.500335,0 100.798925,14.500396,0 100.799025,14.500458,0 100.79912,14.500515,0 100.79922,14.500577,0 100.79932,14.500639,0 100.799419,14.500701,0 100.799519,14.500763,0 100.799619,14.500825,0 100.799718,14.500888,0 100.799817,14.500951,0 100.799916,14.501014,0 100.800007,14.501072,0 100.800106,14.501136,0 100.800205,14.5012,0 100.800303,14.501263,0 100.800394,14.50132,0 100.800494,14.501383,0 100.800593,14.501445,0 100.800693,14.501507,0 100.800784,14.501564,0 100.800884,14.501625,0 100.800984,14.501687,0 100.801085,14.501748,0 100.801185,14.50181,0 100.801284,14.501872,0 100.801375,14.501929,0 100.801475,14.501992,0 100.801574,14.502055,0 100.801673,14.502118,0 100.801772,14.502181,0 100.801871,14.502245,0 100.801969,14.502309,0 100.802067,14.502373,0 100.802157,14.502431,0 100.802256,14.502494,0 100.802355,14.502557,0 100.802454,14.50262,0 100.802554,14.502682,0 100.802645,14.502739,0 100.802736,14.502796,0 100.802828,14.502852,0 100.802929,14.502913,0 100.80303,14.502974,0 100.803131,14.503034,0 100.803232,14.503095,0 100.803332,14.503156,0 100.803432,14.503218,0 100.803523,14.503275,0 100.803622,14.503338,0 100.803713,14.503396,0 100.803803,14.503455,0 100.803902,14.503519,0 100.804,14.503583,0 100.804064,14.503624,0 100.804147,14.503677,0 100.804163,14.503687,0 100.804263,14.503749,0 100.804363,14.503811,0 100.804463,14.503873,0 100.804563,14.503935,0 100.804662,14.503995,0 100.804762,14.504056,0 100.804863,14.504118,0 100.804963,14.50418,0 100.805063,14.504242,0 100.805162,14.504305,0 100.805262,14.504367,0 100.805362,14.50443,0 100.805461,14.504492,0 100.805561,14.504555,0 100.805661,14.504618,0 100.80576,14.504681,0 100.805859,14.504743,0 100.805959,14.504806,0 100.806058,14.504868,0 100.806158,14.50493,0 100.806258,14.504992,0 100.806357,14.505055,0 100.806448,14.505112,0 100.806548,14.505175,0 100.806648,14.505237,0 100.806748,14.505298,0 100.806849,14.505359,0 100.806949,14.505421,0 100.807042,14.505478,0 100.807141,14.50554,0 100.80724,14.505601,0 100.807246,14.505606,0 100.807339,14.505665,0 100.807431,14.505723,0 100.80753,14.505787,0 100.807629,14.50585,0 100.80772,14.505908,0 100.807819,14.505971,0 100.807919,14.506033,0 100.808018,14.506096,0 100.808118,14.506159,0 100.808208,14.506217,0 100.808308,14.506279,0 100.808402,14.506337,0 100.808496,14.506394,0 100.80859,14.506452,0 100.80869,14.506514,0 100.80879,14.506577,0 100.80889,14.506639,0 100.808989,14.506701,0 100.809089,14.506764,0 100.809187,14.506828,0 100.809285,14.506891,0 100.809384,14.506955,0 100.809483,14.507018,0 100.809582,14.507082,0 100.809681,14.507145,0 100.809772,14.507202,0 100.809871,14.507266,0 100.809971,14.507328,0 100.81007,14.507391,0 100.81017,14.507453,0 100.81027,14.507515,0 100.810371,14.507576,0 100.810471,14.507637,0 100.810572,14.507698,0 100.810672,14.507759,0 100.810772,14.507821,0 100.810872,14.507884,0 100.810971,14.507947,0 100.81107,14.50801,0 100.811169,14.508074,0 100.811267,14.508139,0 100.811365,14.508203,0 100.811464,14.508268,0 100.811563,14.508331,0 100.811662,14.508395,0 100.811761,14.508458,0 100.811861,14.508522,0 100.81196,14.508586,0 100.81206,14.508648,0 100.81216,14.508711,0 100.812261,14.508773,0 100.812362,14.508835,0 100.812462,14.508897,0 100.812557,14.508955,0 100.812657,14.509017,0 100.812758,14.509079,0 100.812859,14.509141,0 100.81296,14.509202,0 100.813045,14.509254,0 100.813145,14.509316,0 100.813246,14.509379,0 100.813345,14.509442,0 100.813438,14.5095,0 100.813538,14.509563,0 100.813638,14.509625,0 100.813738,14.509688,0 100.813838,14.509751,0 100.813938,14.509814,0 100.814038,14.509877,0 100.814082,14.509905,0 100.814138,14.50994,0 100.814239,14.510001,0 100.814339,14.510063,0 100.81444,14.510126,0 100.81454,14.510188,0 100.81464,14.510251,0 100.81474,14.510314,0 100.81484,14.510377,0 100.81494,14.51044,0 100.81504,14.510503,0 100.81514,14.510566,0 100.815231,14.510624,0 100.815331,14.510688,0 100.81543,14.510751,0 100.81553,14.510814,0 100.81563,14.510878,0 100.815729,14.510942,0 100.815826,14.511004,0 100.815926,14.511068,0 100.816025,14.511131,0 100.816125,14.511194,0 100.816226,14.511256,0 100.816326,14.511318,0 100.816427,14.51138,0 100.816528,14.511442,0 100.816628,14.511503,0 100.816729,14.511565,0 100.816829,14.511628,0 100.816929,14.511691,0 100.817028,14.511755,0 100.817128,14.511818,0 100.817228,14.511882,0 100.817327,14.511945,0 100.817427,14.512009,0 100.817526,14.512073,0 100.817625,14.512137,0 100.817716,14.512195,0 100.817816,14.512258,0 100.817916,14.51232,0 100.818014,14.512381,0 100.818019,14.512385,0 100.818116,14.512446,0 100.818216,14.512509,0 100.818316,14.512571,0 100.818417,14.512633,0 100.818518,14.512694,0 100.818612,14.512752,0 100.818707,14.512811,0 100.818807,14.512873,0 100.818907,14.512935,0 100.819006,14.512997,0 100.819106,14.513059,0 100.819206,14.513122,0 100.819305,14.513185,0 100.819404,14.513248,0 100.819503,14.513311,0 100.819602,14.513374,0 100.819702,14.513436,0 100.819801,14.513498,0 100.819901,14.51356,0 100.820001,14.513621,0 100.820102,14.513682,0 100.820203,14.513742,0 100.820304,14.513803,0 100.820404,14.513864,0 100.820505,14.513925,0 100.820605,14.513986,0 100.820706,14.514046,0 100.820806,14.514108,0 100.820907,14.514169,0 100.821001,14.514227,0 100.8211,14.514289,0 100.8212,14.514352,0 100.8213,14.514414,0 100.821399,14.514477,0 100.821498,14.51454,0 100.821588,14.514598,0 100.821688,14.514662,0 100.821787,14.514724,0 100.821887,14.514787,0 100.821987,14.514849,0 100.822087,14.51491,0 100.822187,14.514972,0 100.822287,14.515033,0 100.822387,14.515095,0 100.822487,14.515157,0 100.822587,14.515219,0 100.822679,14.515275,0 100.822779,14.515337,0 100.822879,14.515399,0 100.822978,14.515461,0 100.823069,14.515519,0 100.823167,14.515583,0 100.823266,14.515647,0 100.823357,14.515706,0 100.823456,14.51577,0 100.823555,14.515834,0 100.823653,14.515897,0 100.823753,14.515959,0 100.823853,14.516021,0 100.823953,14.516082,0 100.824046,14.516138,0 100.824146,14.5162,0 100.824246,14.516262,0 100.824345,14.516324,0 100.824444,14.516387,0 100.824537,14.516447,0 100.824636,14.51651,0 100.824734,14.516575,0 100.824832,14.51664,0 100.82493,14.516704,0 100.825028,14.516769,0 100.825127,14.516833,0 100.825225,14.516898,0 100.825316,14.516957,0 100.825415,14.51702,0 100.825505,14.517077,0 100.8256,14.517135,0 100.825702,14.517196,0 100.825804,14.517255,0 100.825907,14.517313,0 100.826009,14.517372,0 100.826112,14.517431,0 100.826216,14.517488,0 100.826318,14.517544,0 100.826423,14.517599,0 100.826519,14.517649,0 100.826615,14.517698,0 100.826721,14.517752,0 100.826827,14.517804,0 100.826925,14.517851,0 100.827023,14.517898,0 100.82713,14.51795,0 100.827227,14.517999,0 100.827333,14.518053,0 100.827438,14.518106,0 100.827453,14.518113,0 100.827552,14.518162,0 100.827659,14.518213,0 100.827767,14.518262,0 100.827875,14.518311,0 100.827983,14.518358,0 100.828082,14.5184,0 100.828184,14.518442,0 100.828285,14.518482,0 100.828396,14.518526,0 100.828499,14.518567,0 100.828603,14.518607,0 100.828714,14.51865,0 100.828825,14.518692,0 100.828929,14.518731,0 100.829041,14.518772,0 100.829153,14.518812,0 100.829264,14.518852,0 100.829377,14.51889,0 100.829489,14.518928,0 100.829591,14.518964,0 100.829704,14.519002,0 100.829817,14.519038,0 100.829922,14.51907,0 100.830036,14.519104,0 100.830148,14.519136,0 100.830262,14.519169,0 100.830377,14.519201,0 100.830484,14.51923,0 100.830599,14.519261,0 100.830714,14.519292,0 100.830829,14.519321,0 100.830945,14.519349,0 100.831059,14.519375,0 100.831175,14.519401,0 100.83128,14.519425,0 100.831396,14.519451,0 100.831513,14.519477,0 100.831629,14.519503,0 100.831745,14.519529,0 100.831861,14.519554,0 100.831978,14.519577,0 100.832095,14.519599,0 100.832205,14.519618,0 100.832315,14.519636,0 100.832432,14.519654,0 100.832544,14.51967,0 100.832661,14.519685,0 100.832778,14.519701,0 100.832896,14.519716,0 100.833014,14.51973,0 100.833133,14.519743,0 100.833251,14.519755,0 100.833369,14.519767,0 100.833488,14.519779,0 100.833606,14.519791,0 100.833725,14.519803,0 100.833843,14.519815,0 100.83396,14.519827,0 100.834069,14.519839,0 100.834184,14.519851,0 100.834188,14.519851,0 100.834306,14.519863,0 100.834424,14.519875,0 100.834543,14.519886,0 100.83466,14.519897,0 100.834779,14.519908,0 100.834898,14.519918,0 100.835016,14.519928,0 100.835135,14.519937,0 100.835204,14.519943,0 100.835244,14.519947,0 100.835355,14.519957,0 100.835474,14.519969,0 100.835592,14.51998,0 100.83571,14.519992,0 100.835829,14.520005,0 100.835947,14.520018,0 100.836066,14.52003,0 100.836184,14.520043,0 100.836292,14.520055,0 100.83641,14.520068,0 100.836528,14.520081,0 100.836637,14.520092,0 100.836755,14.520103,0 100.836874,14.520112,0 100.836993,14.52012,0 100.837111,14.520127,0 100.83723,14.520134,0 100.837348,14.520144,0 100.837467,14.520156,0 100.837586,14.520168,0 100.837697,14.52018,0 100.837816,14.520191,0 100.837915,14.520199,0 100.838034,14.520211,0 100.838152,14.520222,0 100.838271,14.520233,0 100.83838,14.520243,0 100.838498,14.520255,0 100.838617,14.520268,0 100.838736,14.52028,0 100.838844,14.520292,0 100.838963,14.520304,0 100.839082,14.520316,0 100.839191,14.520327,0 100.8393,14.520337,0 100.839419,14.520349,0 100.839537,14.520359,0 100.839656,14.520369,0 100.839775,14.520379,0 100.839894,14.52039,0 100.840002,14.5204,0 100.840121,14.520411,0 100.84024,14.520423,0 100.840359,14.520435,0 100.840468,14.520447,0 100.840586,14.52046,0 100.840705,14.520474,0 100.840816,14.520486,0 100.840934,14.5205,0 100.841052,14.520513,0 100.841171,14.520526,0 100.841289,14.520538,0 100.841401,14.52055,0 100.84151,14.52056,0 100.841628,14.520571,0 100.841737,14.520581,0 100.841856,14.520593,0 100.841974,14.520605,0 100.842093,14.520616,0 100.842212,14.520627,0 100.84232,14.520637,0 100.842427,14.520647,0 100.842429,14.520647,0 100.842548,14.520658,0 100.842667,14.520668,0 100.842773,14.520677,0 100.842786,14.520678,0 100.842904,14.520688,0 100.843023,14.520698,0 100.843142,14.520708,0 100.843261,14.520719,0 100.84338,14.52073,0 100.843498,14.520742,0 100.843616,14.520753,0 100.843725,14.520764,0 100.843836,14.520774,0 100.843955,14.520785,0 100.844066,14.520794,0 100.844185,14.520804,0 100.844304,14.520814,0 100.844416,14.520824,0 100.844526,14.520833,0 100.844644,14.520844,0 100.844763,14.520856,0 100.844882,14.520868,0 100.844993,14.520881,0 100.845111,14.520895,0 100.84523,14.52091,0 100.845341,14.520921,0 100.84546,14.520929,0 100.84558,14.520937,0 100.845698,14.520945,0 100.845817,14.520952,0 100.845936,14.52096,0 100.846055,14.520968,0 100.846174,14.520977,0 100.846286,14.520986,0 100.846405,14.520997,0 100.846524,14.521007,0 100.846642,14.521017,0 100.846761,14.521026,0 100.84688,14.521036,0 100.846999,14.521046,0 100.847116,14.521057,0 100.847125,14.521058,0 100.847179,14.521063,0 100.847298,14.521075,0 100.847331,14.521078,0 100.847341,14.521079,0 100.847415,14.521092,0 100.847441,14.521117,0 100.847443,14.521126,0 100.847444,14.521162,0 100.84743,14.52127,0 100.847423,14.521319,0 100.847423,14.521323,0 100.847414,14.521385,0 100.847397,14.521489,0 100.847378,14.521596,0 100.847374,14.521617,0 100.847352,14.521731,0 100.847331,14.521845,0 100.847328,14.521863,0 100.84731,14.521977,0 100.847295,14.522078,0 100.84729,14.522194,0 100.847305,14.522309,0 100.847321,14.522424,0 100.847336,14.522539,0 100.847353,14.522653,0 100.847371,14.522768,0 100.847389,14.522883,0 100.847408,14.522994,0 100.847426,14.523109,0 100.847443,14.523213,0 100.847461,14.523327,0 100.847479,14.523442,0 100.847496,14.523556,0 100.847508,14.523645,0 100.847536,14.523758,0 100.847543,14.523781,0 100.847582,14.523891,0 100.847619,14.524001,0 100.847657,14.524111,0 100.847694,14.524221,0 100.847728,14.524319,0 100.847766,14.524429,0 100.847804,14.524539,0 100.847842,14.524648,0 100.84788,14.524758,0 100.847892,14.524873,0 100.847885,14.524987,0 100.847883,14.525011,0 100.847877,14.525127,0 100.847872,14.525237,0 100.84787,14.525283,0 100.847869,14.525291,0 100.847866,14.525353,0 100.847861,14.525468,0 100.847855,14.525584,0 100.847849,14.5257,0 100.847827,14.525814,0 100.847797,14.525909,0 100.847758,14.526019,0 100.84772,14.526129,0 100.8477,14.526235,0 100.847699,14.526242,0 100.847693,14.526304,0 100.847687,14.52642,0 100.84768,14.526536,0 100.847675,14.526652,0 100.84767,14.526767,0 100.847665,14.526878,0 100.84766,14.526993,0 100.847618,14.52703,0 100.847555,14.527034,0 100.847513,14.527075,0 100.847458,14.527096,0 100.847452,14.527096,0 100.847436,14.527096,0 100.847434,14.527096,0 100.847432,14.527096,0 100.847431,14.527096,0 100.84743,14.527096,0 100.847428,14.527095,0 100.847427,14.527095,0 100.847421,14.527095,0 100.847417,14.527095,0 100.847412,14.527095,0 100.847408,14.527095,0 100.847404,14.527094,0 100.847399,14.527094,0 100.847394,14.527094,0 100.847387,14.527094,0 100.847379,14.527094,0 100.847374,14.527093,0 100.84737,14.527093,0 100.847365,14.527093,0 100.84736,14.527093,0 100.847355,14.527093,0 
					</coordinates>
				</LineString>
			</Placemark>
		</Folder>
	</Folder>
</Document>
</kml>
